wavelength,RSR_Rrs_443,RSR_Rrs_490,RSR_Rrs_560,RSR_Rrs_665,RSR_Rrs_705,RSR_Rrs_740,RSR_Rrs_783,RSR_Rrs_842,RSR_Rrs_865
300,,,,,,,,,
301,,,,,,,,,
302,,,,,,,,,
303,,,,,,,,,
304,,,,,,,,,
305,,,,,,,,,
306,,,,,,,,,
307,,,,,,,,,
308,,,,,,,,,
309,,,,,,,,,
310,,,,,,,,,
311,,,,,,,,,
312,,,,,,,,,
313,,,,,,,,,
314,,,,,,,,,
315,,,,,,,,,
316,,,,,,,,,
317,,,,,,,,,
318,,,,,,,,,
319,,,,,,,,,
320,,,,,,,,,
321,,,,,,,,,
322,,,,,,,,,
323,,,,,,,,,
324,,,,,,,,,
325,,,,,,,,,
326,,,,,,,,,
327,,,,,,,,,
328,,,,,,,,,
329,,,,,,,,,
330,,,,,,,,,
331,,,,,,,,,
332,,,,,,,,,
333,,,,,,,,,
334,,,,,,,,,
335,,,,,,,,,
336,,,,,,,,,
337,,,,,,,,,
338,,,,,,,,,
339,,,,,,,,,
340,,,,,,,,,
341,,,,,,,,,
342,,,,,,,,,
343,,,,,,,,,
344,,,,,,,,,
345,,,,,,,,,
346,,,,,,,,,
347,,,,,,,,,
348,,,,,,,,,
349,,,,,,,,,
350,,,,,,,,,
351,,,,,,,,,
352,,,,,,,,,
353,,,,,,,,,
354,,,,,,,,,
355,,,,,,,,,
356,,,,,,,,,
357,,,,,,,,,
358,,,,,,,,,
359,,,,,,,,,
360,,,,,,,,,
361,,,,,,,,,
362,,,,,,,,,
363,,,,,,,,,
364,,,,,,,,,
365,,,,,,,,,
366,,,,,,,,,
367,,,,,,,,,
368,,,,,,,,,
369,,,,,,,,,
370,,,,,,,,,
371,,,,,,,,,
372,,,,,,,,,
373,,,,,,,,,
374,,,,,,,,,
375,,,,,,,,,
376,,,,,,,,,
377,,,,,,,,,
378,,,,,,,,,
379,,,,,,,,,
380,,,,,,,,,
381,,,,,,,,,
382,,,,,,,,,
383,,,,,,,,,
384,,,,,,,,,
385,,,,,,,,,
386,,,,,,,,,
387,,,,,,,,,
388,,,,,,,,,
389,,,,,,,,,
390,,,,,,,,,
391,,,,,,,,,
392,,,,,,,,,
393,,,,,,,,,
394,,,,,,,,,
395,,,,,,,,,
396,,,,,,,,,
397,,,,,,,,,
398,,,,,,,,,
399,,,,,,,,,
400,,,,,,,,,
401,,,,,,,,,
402,,,,,,,,,
403,,,,,,,,,
404,,,,,,,,,
405,,,,,,,,,
406,,,,,,,,,
407,,,,,,,,,
408,,,,,,,,,
409,,,,,,,,,
410,,,,,,,,,
411,,,,,,,,,
412,0.001775742,,,,,,,,
413,0.004073061,,,,,,,,
414,0.003626143,,,,,,,,
415,0.003515199,,,,,,,,
416,0.005729163,,,,,,,,
417,0.003780292,,,,,,,,
418,0.002636732,,,,,,,,
419,0.001262113,,,,,,,,
420,0.001987583,,,,,,,,
421,0.001368913,,,,,,,,
422,0.001250444,,,,,,,,
423,0.000463454,,,,,,,,
424,0.000814293,,,,,,,,
425,0.001376431,,,,,,,,
426,0.001485086,,,,,,,,
427,0.001823735,,,,,,,,
428,0.001626817,,,,,,,,
429,0.004392062,,,,,,,,
430,0.029008099,,,,,,,,
431,0.118745933,,,,,,,,
432,0.323875058,,,,,,,,
433,0.572819207,,,,,,,,
434,0.714727494,,,,,,,,
435,0.761967778,,,,,,,,
436,0.789297016,,,,,,,,
437,0.808623866,,,,,,,,
438,0.810893815,,,,,,,,
439,0.824198756,0.010315429,,,,,,,
440,0.854158107,0.030041933,,,,,,,
441,0.870790877,0.026875891,,,,,,,
442,0.887310969,0.02414315,,,,,,,
443,0.926199242,0.020210064,,,,,,,
444,0.982281495,0.022693489,,,,,,,
445,1,0.024564087,,,,,,,
446,0.975238202,0.016667005,,,,,,,
447,0.93596338,0.021413132,,,,,,,
448,0.889971481,0.016144221,,,,,,,
449,0.850210477,0.021307208,,,,,,,
450,0.825694526,0.018466093,,,,,,,
451,0.783902388,0.018185017,,,,,,,
452,0.614174215,0.017679055,,,,,,,
453,0.330071087,0.019114826,,,,,,,
454,0.124108313,0.019246427,,,,,,,
455,0.04365694,0.027395745,,,,,,,
456,0.014749595,0.042555308,,,,,,,
457,,0.072298295,,,,,,,
458,,0.153743222,,,,,,,
459,,0.32799225,,,,,,,
460,,0.553367878,,,,,,,
461,,0.710111663,,,,,,,
462,,0.752851788,,,,,,,
463,,0.75232691,,,,,,,
464,,0.756680807,,,,,,,
465,,0.763269482,,,,,,,
466,,0.76239425,,,,,,,
467,,0.785251503,,,,,,,
468,,0.815466688,,,,,,,
469,,0.861791756,,,,,,,
470,,0.892825992,,,,,,,
471,,0.919522103,,,,,,,
472,,0.919006495,,,,,,,
473,,0.913157536,,,,,,,
474,,0.900353663,,,,,,,
475,,0.889896935,,,,,,,
476,,0.882324603,,,,,,,
477,,0.876061177,,,,,,,
478,,0.884299872,,,,,,,
479,,0.906955442,,,,,,,
480,,0.932320853,,,,,,,
481,,0.939472521,,,,,,,
482,,0.943835429,,,,,,,
483,,0.922040861,,,,,,,
484,,0.886023105,,,,,,,
485,,0.847436088,,,,,,,
486,,0.812516871,,,,,,,
487,,0.782397097,,,,,,,
488,,0.7731087,,,,,,,
489,,0.772090538,,,,,,,
490,,0.787426523,,,,,,,
491,,0.812171771,,,,,,,
492,,0.846050519,,,,,,,
493,,0.887679959,,,,,,,
494,,0.927939973,,,,,,,
495,,0.950692347,,,,,,,
496,,0.965733107,,,,,,,
497,,0.969382533,,,,,,,
498,,0.965702943,,,,,,,
499,,0.95832003,,,,,,,
500,,0.954050638,,,,,,,
501,,0.951782684,,,,,,,
502,,0.956997215,,,,,,,
503,,0.965565145,,,,,,,
504,,0.977051397,,,,,,,
505,,0.977095739,,,,,,,
506,,0.974366055,,,,,,,
507,,0.959031834,,,,,,,
508,,0.935063176,,,,,,,
509,,0.90190134,,,,,,,
510,,0.871657924,,,,,,,
511,,0.844024435,,,,,,,
512,,0.822808519,,,,,,,
513,,0.815360426,,,,,,,
514,,0.820576391,,,,,,,
515,,0.839514898,,,,,,,
516,,0.86992171,,,,,,,
517,,0.915262055,,,,,,,
518,,0.960670278,,,,,,,
519,,0.991636995,,,,,,,
520,,1,,,,,,,
521,,0.98356097,,,,,,,
522,,0.91130763,,,,,,,
523,,0.740182556,,,,,,,
524,,0.503958576,,,,,,,
525,,0.305015502,,,,,,,
526,,0.180046045,,,,,,,
527,,0.107383424,,,,,,,
528,,0.06593592,,,,,,,
529,,0.042077455,,,,,,,
530,,0.026621288,,,,,,,
531,,0.0143396,,,,,,,
532,,0.002657787,,,,,,,
533,,0.000818224,,,,,,,
534,,,,,,,,,
535,,,,,,,,,
536,,,,,,,,,
537,,,,,,,,,
538,,,0.014481812,,,,,,
539,,,0.034222507,,,,,,
540,,,0.073463348,,,,,,
541,,,0.154448431,,,,,,
542,,,0.316614247,,,,,,
543,,,0.553222787,,,,,,
544,,,0.748594059,,,,,,
545,,,0.848903056,,,,,,
546,,,0.897722157,,,,,,
547,,,0.921536798,,,,,,
548,,,0.925728454,,,,,,
549,,,0.911226879,,,,,,
550,,,0.888189237,,,,,,
551,,,0.865237556,,,,,,
552,,,0.84718187,,,,,,
553,,,0.838757201,,,,,,
554,,,0.844590812,,,,,,
555,,,0.862196533,,,,,,
556,,,0.888387136,,,,,,
557,,,0.924432355,,,,,,
558,,,0.96017974,,,,,,
559,,,0.986855165,,,,,,
560,,,1,,,,,,
561,,,0.998600802,,,,,,
562,,,0.980764717,,,,,,
563,,,0.945220892,,,,,,
564,,,0.898177804,,,,,,
565,,,0.855803233,,,,,,
566,,,0.818417342,,,,,,
567,,,0.788620476,,,,,,
568,,,0.764606533,,,,,,
569,,,0.749637446,,,,,,
570,,,0.75055111,,,,,,
571,,,0.761378883,,,,,,
572,,,0.782444788,,,,,,
573,,,0.798900864,,,,,,
574,,,0.810169565,,,,,,
575,,,0.814088864,,,,,,
576,,,0.773585961,,,,,,
577,,,0.628810649,,,,,,
578,,,0.403975549,,,,,,
579,,,0.215420982,,,,,,
580,,,0.107152815,,,,,,
581,,,0.047928768,,,,,,
582,,,0.01848693,,,,,,
583,,,0.001085875,,,,,,
584,,,,,,,,,
585,,,,,,,,,
586,,,,,,,,,
587,,,,,,,,,
588,,,,,,,,,
589,,,,,,,,,
590,,,,,,,,,
591,,,,,,,,,
592,,,,,,,,,
593,,,,,,,,,
594,,,,,,,,,
595,,,,,,,,,
596,,,,,,,,,
597,,,,,,,,,
598,,,,,,,,,
599,,,,,,,,,
600,,,,,,,,,
601,,,,,,,,,
602,,,,,,,,,
603,,,,,,,,,
604,,,,,,,,,
605,,,,,,,,,
606,,,,,,,,,
607,,,,,,,,,
608,,,,,,,,,
609,,,,,,,,,
610,,,,,,,,,
611,,,,,,,,,
612,,,,,,,,,
613,,,,,,,,,
614,,,,,,,,,
615,,,,,,,,,
616,,,,,,,,,
617,,,,,,,,,
618,,,,,,,,,
619,,,,,,,,,
620,,,,,,,,,
621,,,,,,,,,
622,,,,,,,,,
623,,,,,,,,,
624,,,,,,,,,
625,,,,,,,,,
626,,,,,,,,,
627,,,,,,,,,
628,,,,,,,,,
629,,,,,,,,,
630,,,,,,,,,
631,,,,,,,,,
632,,,,,,,,,
633,,,,,,,,,
634,,,,,,,,,
635,,,,,,,,,
636,,,,,,,,,
637,,,,,,,,,
638,,,,,,,,,
639,,,,,,,,,
640,,,,,,,,,
641,,,,,,,,,
642,,,,,,,,,
643,,,,,,,,,
644,,,,,,,,,
645,,,,,,,,,
646,,,,0.001415212,,,,,
647,,,,0.025902381,,,,,
648,,,,0.116511775,,,,,
649,,,,0.390886162,,,,,
650,,,,0.749593421,,,,,
651,,,,0.944858051,,,,,
652,,,,0.980111731,,,,,
653,,,,0.994063086,,,,,
654,,,,1,,,,,
655,,,,0.995454747,,,,,
656,,,,0.990527717,,,,,
657,,,,0.977334762,,,,,
658,,,,0.940559882,,,,,
659,,,,0.878949559,,,,,
660,,,,0.81629384,,,,,
661,,,,0.773459516,,,,,
662,,,,0.754487656,,,,,
663,,,,0.75991531,,,,,
664,,,,0.782634297,,,,,
665,,,,0.8101689,,,,,
666,,,,0.836129749,,,,,
667,,,,0.861254237,,,,,
668,,,,0.886091059,,,,,
669,,,,0.911387666,,,,,
670,,,,0.934051464,,,,,
671,,,,0.950420633,,,,,
672,,,,0.959257302,,,,,
673,,,,0.960395551,,,,,
674,,,,0.959133945,,,,,
675,,,,0.958090128,,,,,
676,,,,0.955274589,,,,,
677,,,,0.943764654,,,,,
678,,,,0.894907986,,,,,
679,,,,0.744263079,,,,,
680,,,,0.476777001,,,,,
681,,,,0.229603988,,,,,
682,,,,0.080091177,,,,,
683,,,,0.026170762,,,,,
684,,,,0.004152419,,,,,
685,,,,,,,,,
686,,,,,,,,,
687,,,,,,,,,
688,,,,,,,,,
689,,,,,,,,,
690,,,,,,,,,
691,,,,,,,,,
692,,,,,,,,,
693,,,,,,,,,
694,,,,,,,,,
695,,,,,0.028357856,,,,
696,,,,,0.123693367,,,,
697,,,,,0.393787739,,,,
698,,,,,0.761130707,,,,
699,,,,,0.971085018,,,,
700,,,,,0.998895232,,,,
701,,,,,1,,,,
702,,,,,0.994122578,,,,
703,,,,,0.983217889,,,,
704,,,,,0.967040926,,,,
705,,,,,0.948473886,,,,
706,,,,,0.92714833,,,,
707,,,,,0.903724584,,,,
708,,,,,0.886147127,,,,
709,,,,,0.867237453,,,,
710,,,,,0.790753191,,,,
711,,,,,0.588403315,,,,
712,,,,,0.263348326,,,,
713,,,,,0.056754223,,,,
714,,,,,0.006188334,,,,
715,,,,,,,,,
716,,,,,,,,,
717,,,,,,,,,
718,,,,,,,,,
719,,,,,,,,,
720,,,,,,,,,
721,,,,,,,,,
722,,,,,,,,,
723,,,,,,,,,
724,,,,,,,,,
725,,,,,,,,,
726,,,,,,,,,
727,,,,,,,,,
728,,,,,,,,,
729,,,,,,,,,
730,,,,,,,,,
731,,,,,,0.001710882,,,
732,,,,,,0.054671525,,,
733,,,,,,0.258066763,,,
734,,,,,,0.647220984,,,
735,,,,,,0.892189986,,,
736,,,,,,0.902328766,,,
737,,,,,,0.915087676,,,
738,,,,,,0.941158459,,,
739,,,,,,0.962999932,,,
740,,,,,,0.975104812,,,
741,,,,,,0.977021704,,,
742,,,,,,0.987362514,,,
743,,,,,,1,,,
744,,,,,,0.988802771,,,
745,,,,,,0.971799161,,,
746,,,,,,0.901267389,,,
747,,,,,,0.606723913,,,
748,,,,,,0.205202268,,,
749,,,,,,0.026756898,,,
750,,,,,,,,,
751,,,,,,,,,
752,,,,,,,,,
753,,,,,,,,,
754,,,,,,,,,
755,,,,,,,,,
756,,,,,,,,,
757,,,,,,,,,
758,,,,,,,,,
759,,,,,,,,,
760,,,,,,,,0.000672587,
761,,,,,,,,0.003888561,
762,,,,,,,,0,
763,,,,,,,,0,
764,,,,,,,,0,
765,,,,,,,,0,
766,,,,,,,,0,
767,,,,,,,,0,
768,,,,,,,,0,
769,,,,,,,0.000458987,0,
770,,,,,,,0.011720097,0,
771,,,,,,,0.052197152,0,
772,,,,,,,0.165617326,0,
773,,,,,,,0.369033555,0.000289559,
774,,,,,,,0.636854532,0.00702964,
775,,,,,,,0.861196383,0.017523915,
776,,,,,,,0.970028971,0.032311111,
777,,,,,,,0.991196015,0.05328661,
778,,,,,,,0.998979212,0.082998852,
779,,,,,,,1,0.127485024,
780,,,,,,,0.97725155,0.195910652,
781,,,,,,,0.925723851,0.302463232,
782,,,,,,,0.86605804,0.435539537,
783,,,,,,,0.819696105,0.571416366,
784,,,,,,,0.794076736,0.697667008,
785,,,,,,,0.791110289,0.803038519,
786,,,,,,,0.804315523,0.891157437,
787,,,,,,,0.819027212,0.952845837,
788,,,,,,,0.825712924,0.988941605,
789,,,,,,,0.820118286,1,
790,,,,,,,0.792221951,0.988406528,
791,,,,,,,0.720545593,0.963892161,
792,,,,,,,0.587677944,0.942079674,
793,,,,,,,0.414303554,0.936946427,
794,,,,,,,0.230888169,0.942273429,
795,,,,,,,0.098502825,0.953957178,
796,,,,,,,0.027365511,0.968288956,
797,,,,,,,0.00516235,0.979665494,
798,,,,,,,,0.985444404,
799,,,,,,,,0.985926806,
800,,,,,,,,0.983911811,
801,,,,,,,,0.97793903,
802,,,,,,,,0.977227714,
803,,,,,,,,0.978106086,
804,,,,,,,,0.981444864,
805,,,,,,,,0.987645575,
806,,,,,,,,0.988577078,
807,,,,,,,,0.986242198,
808,,,,,,,,0.980709208,
809,,,,,,,,0.970786244,
810,,,,,,,,0.957210894,
811,,,,,,,,0.938658206,
812,,,,,,,,0.91672388,
813,,,,,,,,0.896207585,
814,,,,,,,,0.872887998,
815,,,,,,,,0.851603307,
816,,,,,,,,0.824639396,
817,,,,,,,,0.800781174,
818,,,,,,,,0.782338598,
819,,,,,,,,0.763602744,
820,,,,,,,,0.749627707,
821,,,,,,,,0.738722099,
822,,,,,,,,0.730794069,
823,,,,,,,,0.722712368,
824,,,,,,,,0.725077084,
825,,,,,,,,0.725638556,
826,,,,,,,,0.723042174,
827,,,,,,,,0.722292106,
828,,,,,,,,0.716163645,
829,,,,,,,,0.711594459,
830,,,,,,,,0.708269542,
831,,,,,,,,0.701572051,
832,,,,,,,,0.699245321,
833,,,,,,,,0.700937618,
834,,,,,,,,0.706927327,
835,,,,,,,,0.718240007,
836,,,,,,,,0.731246343,
837,,,,,,,,0.748406102,0.000300966
838,,,,,,,,0.76818541,0
839,,,,,,,,0.783948066,0
840,,,,,,,,0.7968381,0
841,,,,,,,,0.802602063,0
842,,,,,,,,0.804519396,0
843,,,,,,,,0.802409182,0
844,,,,,,,,0.796990717,0
845,,,,,,,,0.789203043,0
846,,,,,,,,0.776916211,0
847,,,,,,,,0.765184064,0.001572174
848,,,,,,,,0.751197174,0.002498858
849,,,,,,,,0.737003566,0.013320367
850,,,,,,,,0.722623995,0.026148658
851,,,,,,,,0.704125782,0.052604793
852,,,,,,,,0.684108046,0.107797093
853,,,,,,,,0.664745277,0.221607547
854,,,,,,,,0.647368908,0.39721628
855,,,,,,,,0.630051247,0.609868852
856,,,,,,,,0.615642224,0.816588834
857,,,,,,,,0.602495567,0.932244502
858,,,,,,,,0.589889921,0.972100329
859,,,,,,,,0.579933995,0.975454822
860,,,,,,,,0.571365058,0.975380485
861,,,,,,,,0.560942415,0.97328205
862,,,,,,,,0.552351052,0.976078281
863,,,,,,,,0.54568236,0.980349546
864,,,,,,,,0.539580517,0.986909276
865,,,,,,,,0.535102151,0.990874648
866,,,,,,,,0.530936751,0.997418177
867,,,,,,,,0.530165085,0.999846733
868,,,,,,,,0.52984662,0.999391415
869,,,,,,,,0.530366818,0.995879284
870,,,,,,,,0.532114628,0.995412276
871,,,,,,,,0.53271918,1
872,,,,,,,,0.532468057,0.996407621
873,,,,,,,,0.53331158,0.923594329
874,,,,,,,,0.531927797,0.741376842
875,,,,,,,,0.530510552,0.489659709
876,,,,,,,,0.52951499,0.25020643
877,,,,,,,,0.52996848,0.112212459
878,,,,,,,,0.532533725,0.047559844
879,,,,,,,,0.537050849,0.022978146
880,,,,,,,,0.542353442,0.010614375
881,,,,,,,,0.549124971,0.001081494
882,,,,,,,,0.555230551,
883,,,,,,,,0.560111348,
884,,,,,,,,0.557679988,
885,,,,,,,,0.548219844,
886,,,,,,,,0.531446128,
887,,,,,,,,0.507635285,
888,,,,,,,,0.478112241,
889,,,,,,,,0.450927929,
890,,,,,,,,0.427984659,
891,,,,,,,,0.41051405,
892,,,,,,,,0.400391391,
893,,,,,,,,0.400873018,
894,,,,,,,,0.40829375,
895,,,,,,,,0.420865558,
896,,,,,,,,0.430070218,
897,,,,,,,,0.424566916,
898,,,,,,,,0.391368172,
899,,,,,,,,0.330090082,
900,,,,,,,,0.257205092,
901,,,,,,,,0.181890305,
902,,,,,,,,0.116506681,
903,,,,,,,,0.070315795,
904,,,,,,,,0.042753811,
905,,,,,,,,0.025931542,
906,,,,,,,,0.015743939,
907,,,,,,,,0.003943258,
908,,,,,,,,,
909,,,,,,,,,
910,,,,,,,,,
911,,,,,,,,,
912,,,,,,,,,
913,,,,,,,,,
914,,,,,,,,,
915,,,,,,,,,
916,,,,,,,,,
917,,,,,,,,,
918,,,,,,,,,
919,,,,,,,,,
920,,,,,,,,,
921,,,,,,,,,
922,,,,,,,,,
923,,,,,,,,,
924,,,,,,,,,
925,,,,,,,,,
926,,,,,,,,,
927,,,,,,,,,
928,,,,,,,,,
929,,,,,,,,,
930,,,,,,,,,
931,,,,,,,,,
932,,,,,,,,,
933,,,,,,,,,
934,,,,,,,,,
935,,,,,,,,,
936,,,,,,,,,
937,,,,,,,,,
938,,,,,,,,,
939,,,,,,,,,
940,,,,,,,,,
941,,,,,,,,,
942,,,,,,,,,
943,,,,,,,,,
944,,,,,,,,,
945,,,,,,,,,
946,,,,,,,,,
947,,,,,,,,,
948,,,,,,,,,
949,,,,,,,,,
950,,,,,,,,,
951,,,,,,,,,
952,,,,,,,,,
953,,,,,,,,,
954,,,,,,,,,
955,,,,,,,,,
956,,,,,,,,,
957,,,,,,,,,
958,,,,,,,,,
959,,,,,,,,,
960,,,,,,,,,
961,,,,,,,,,
962,,,,,,,,,
963,,,,,,,,,
964,,,,,,,,,
965,,,,,,,,,
966,,,,,,,,,
967,,,,,,,,,
968,,,,,,,,,
969,,,,,,,,,
970,,,,,,,,,
971,,,,,,,,,
972,,,,,,,,,
973,,,,,,,,,
974,,,,,,,,,
975,,,,,,,,,
976,,,,,,,,,
977,,,,,,,,,
978,,,,,,,,,
979,,,,,,,,,
980,,,,,,,,,
981,,,,,,,,,
982,,,,,,,,,
983,,,,,,,,,
984,,,,,,,,,
985,,,,,,,,,
986,,,,,,,,,
987,,,,,,,,,
988,,,,,,,,,
989,,,,,,,,,
990,,,,,,,,,
991,,,,,,,,,
992,,,,,,,,,
993,,,,,,,,,
994,,,,,,,,,
995,,,,,,,,,
996,,,,,,,,,
997,,,,,,,,,
998,,,,,,,,,
999,,,,,,,,,
1000,,,,,,,,,
1001,,,,,,,,,
1002,,,,,,,,,
1003,,,,,,,,,
1004,,,,,,,,,
1005,,,,,,,,,
1006,,,,,,,,,
1007,,,,,,,,,
1008,,,,,,,,,
1009,,,,,,,,,
1010,,,,,,,,,
1011,,,,,,,,,
1012,,,,,,,,,
1013,,,,,,,,,
1014,,,,,,,,,
1015,,,,,,,,,
1016,,,,,,,,,
1017,,,,,,,,,
1018,,,,,,,,,
1019,,,,,,,,,
1020,,,,,,,,,
1021,,,,,,,,,
1022,,,,,,,,,
1023,,,,,,,,,
1024,,,,,,,,,
1025,,,,,,,,,
1026,,,,,,,,,
1027,,,,,,,,,
1028,,,,,,,,,
1029,,,,,,,,,
1030,,,,,,,,,
1031,,,,,,,,,
1032,,,,,,,,,
1033,,,,,,,,,
1034,,,,,,,,,
1035,,,,,,,,,
1036,,,,,,,,,
1037,,,,,,,,,
1038,,,,,,,,,
1039,,,,,,,,,
1040,,,,,,,,,
1041,,,,,,,,,
1042,,,,,,,,,
1043,,,,,,,,,
1044,,,,,,,,,
1045,,,,,,,,,
1046,,,,,,,,,
1047,,,,,,,,,
1048,,,,,,,,,
1049,,,,,,,,,
1050,,,,,,,,,
1051,,,,,,,,,
1052,,,,,,,,,
1053,,,,,,,,,
1054,,,,,,,,,
1055,,,,,,,,,
1056,,,,,,,,,
1057,,,,,,,,,
1058,,,,,,,,,
1059,,,,,,,,,
1060,,,,,,,,,
1061,,,,,,,,,
1062,,,,,,,,,
1063,,,,,,,,,
1064,,,,,,,,,
1065,,,,,,,,,
1066,,,,,,,,,
1067,,,,,,,,,
1068,,,,,,,,,
1069,,,,,,,,,
1070,,,,,,,,,
1071,,,,,,,,,
1072,,,,,,,,,
1073,,,,,,,,,
1074,,,,,,,,,
1075,,,,,,,,,
1076,,,,,,,,,
1077,,,,,,,,,
1078,,,,,,,,,
1079,,,,,,,,,
1080,,,,,,,,,
1081,,,,,,,,,
1082,,,,,,,,,
1083,,,,,,,,,
1084,,,,,,,,,
1085,,,,,,,,,
1086,,,,,,,,,
1087,,,,,,,,,
1088,,,,,,,,,
1089,,,,,,,,,
1090,,,,,,,,,
1091,,,,,,,,,
1092,,,,,,,,,
1093,,,,,,,,,
1094,,,,,,,,,
1095,,,,,,,,,
1096,,,,,,,,,
1097,,,,,,,,,
1098,,,,,,,,,
1099,,,,,,,,,
1100,,,,,,,,,
1101,,,,,,,,,
1102,,,,,,,,,
1103,,,,,,,,,
1104,,,,,,,,,
1105,,,,,,,,,
1106,,,,,,,,,
1107,,,,,,,,,
1108,,,,,,,,,
1109,,,,,,,,,
1110,,,,,,,,,
1111,,,,,,,,,
1112,,,,,,,,,
1113,,,,,,,,,
1114,,,,,,,,,
1115,,,,,,,,,
1116,,,,,,,,,
1117,,,,,,,,,
1118,,,,,,,,,
1119,,,,,,,,,
1120,,,,,,,,,
1121,,,,,,,,,
1122,,,,,,,,,
1123,,,,,,,,,
1124,,,,,,,,,
1125,,,,,,,,,
1126,,,,,,,,,
1127,,,,,,,,,
1128,,,,,,,,,
1129,,,,,,,,,
1130,,,,,,,,,
1131,,,,,,,,,
1132,,,,,,,,,
1133,,,,,,,,,
1134,,,,,,,,,
1135,,,,,,,,,
1136,,,,,,,,,
1137,,,,,,,,,
1138,,,,,,,,,
1139,,,,,,,,,
1140,,,,,,,,,
1141,,,,,,,,,
1142,,,,,,,,,
1143,,,,,,,,,
1144,,,,,,,,,
1145,,,,,,,,,
1146,,,,,,,,,
1147,,,,,,,,,
1148,,,,,,,,,
1149,,,,,,,,,
1150,,,,,,,,,
1151,,,,,,,,,
1152,,,,,,,,,
1153,,,,,,,,,
1154,,,,,,,,,
1155,,,,,,,,,
1156,,,,,,,,,
1157,,,,,,,,,
1158,,,,,,,,,
1159,,,,,,,,,
1160,,,,,,,,,
1161,,,,,,,,,
1162,,,,,,,,,
1163,,,,,,,,,
1164,,,,,,,,,
1165,,,,,,,,,
1166,,,,,,,,,
1167,,,,,,,,,
1168,,,,,,,,,
1169,,,,,,,,,
1170,,,,,,,,,
1171,,,,,,,,,
1172,,,,,,,,,
1173,,,,,,,,,
1174,,,,,,,,,
1175,,,,,,,,,
1176,,,,,,,,,
1177,,,,,,,,,
1178,,,,,,,,,
1179,,,,,,,,,
1180,,,,,,,,,
1181,,,,,,,,,
1182,,,,,,,,,
1183,,,,,,,,,
1184,,,,,,,,,
1185,,,,,,,,,
1186,,,,,,,,,
1187,,,,,,,,,
1188,,,,,,,,,
1189,,,,,,,,,
1190,,,,,,,,,
1191,,,,,,,,,
1192,,,,,,,,,
1193,,,,,,,,,
1194,,,,,,,,,
1195,,,,,,,,,
1196,,,,,,,,,
1197,,,,,,,,,
1198,,,,,,,,,
1199,,,,,,,,,
1200,,,,,,,,,
1201,,,,,,,,,
1202,,,,,,,,,
1203,,,,,,,,,
1204,,,,,,,,,
1205,,,,,,,,,
1206,,,,,,,,,
1207,,,,,,,,,
1208,,,,,,,,,
1209,,,,,,,,,
1210,,,,,,,,,
1211,,,,,,,,,
1212,,,,,,,,,
1213,,,,,,,,,
1214,,,,,,,,,
1215,,,,,,,,,
1216,,,,,,,,,
1217,,,,,,,,,
1218,,,,,,,,,
1219,,,,,,,,,
1220,,,,,,,,,
1221,,,,,,,,,
1222,,,,,,,,,
1223,,,,,,,,,
1224,,,,,,,,,
1225,,,,,,,,,
1226,,,,,,,,,
1227,,,,,,,,,
1228,,,,,,,,,
1229,,,,,,,,,
1230,,,,,,,,,
1231,,,,,,,,,
1232,,,,,,,,,
1233,,,,,,,,,
1234,,,,,,,,,
1235,,,,,,,,,
1236,,,,,,,,,
1237,,,,,,,,,
1238,,,,,,,,,
1239,,,,,,,,,
1240,,,,,,,,,
1241,,,,,,,,,
1242,,,,,,,,,
1243,,,,,,,,,
1244,,,,,,,,,
1245,,,,,,,,,
1246,,,,,,,,,
1247,,,,,,,,,
1248,,,,,,,,,
1249,,,,,,,,,
1250,,,,,,,,,
1251,,,,,,,,,
1252,,,,,,,,,
1253,,,,,,,,,
1254,,,,,,,,,
1255,,,,,,,,,
1256,,,,,,,,,
1257,,,,,,,,,
1258,,,,,,,,,
1259,,,,,,,,,
1260,,,,,,,,,
1261,,,,,,,,,
1262,,,,,,,,,
1263,,,,,,,,,
1264,,,,,,,,,
1265,,,,,,,,,
1266,,,,,,,,,
1267,,,,,,,,,
1268,,,,,,,,,
1269,,,,,,,,,
1270,,,,,,,,,
1271,,,,,,,,,
1272,,,,,,,,,
1273,,,,,,,,,
1274,,,,,,,,,
1275,,,,,,,,,
1276,,,,,,,,,
1277,,,,,,,,,
1278,,,,,,,,,
1279,,,,,,,,,
1280,,,,,,,,,
1281,,,,,,,,,
1282,,,,,,,,,
1283,,,,,,,,,
1284,,,,,,,,,
1285,,,,,,,,,
1286,,,,,,,,,
1287,,,,,,,,,
1288,,,,,,,,,
1289,,,,,,,,,
1290,,,,,,,,,
1291,,,,,,,,,
1292,,,,,,,,,
1293,,,,,,,,,
1294,,,,,,,,,
1295,,,,,,,,,
1296,,,,,,,,,
1297,,,,,,,,,
1298,,,,,,,,,
1299,,,,,,,,,
1300,,,,,,,,,
1301,,,,,,,,,
1302,,,,,,,,,
1303,,,,,,,,,
1304,,,,,,,,,
1305,,,,,,,,,
1306,,,,,,,,,
1307,,,,,,,,,
1308,,,,,,,,,
1309,,,,,,,,,
1310,,,,,,,,,
1311,,,,,,,,,
1312,,,,,,,,,
1313,,,,,,,,,
1314,,,,,,,,,
1315,,,,,,,,,
1316,,,,,,,,,
1317,,,,,,,,,
1318,,,,,,,,,
1319,,,,,,,,,
1320,,,,,,,,,
1321,,,,,,,,,
1322,,,,,,,,,
1323,,,,,,,,,
1324,,,,,,,,,
1325,,,,,,,,,
1326,,,,,,,,,
1327,,,,,,,,,
1328,,,,,,,,,
1329,,,,,,,,,
1330,,,,,,,,,
1331,,,,,,,,,
1332,,,,,,,,,
1333,,,,,,,,,
1334,,,,,,,,,
1335,,,,,,,,,
1336,,,,,,,,,
1337,,,,,,,,,
1338,,,,,,,,,
1339,,,,,,,,,
1340,,,,,,,,,
1341,,,,,,,,,
1342,,,,,,,,,
1343,,,,,,,,,
1344,,,,,,,,,
1345,,,,,,,,,
1346,,,,,,,,,
1347,,,,,,,,,
1348,,,,,,,,,
1349,,,,,,,,,
1350,,,,,,,,,
1351,,,,,,,,,
1352,,,,,,,,,
1353,,,,,,,,,
1354,,,,,,,,,
1355,,,,,,,,,
1356,,,,,,,,,
1357,,,,,,,,,
1358,,,,,,,,,
1359,,,,,,,,,
1360,,,,,,,,,
1361,,,,,,,,,
1362,,,,,,,,,
1363,,,,,,,,,
1364,,,,,,,,,
1365,,,,,,,,,
1366,,,,,,,,,
1367,,,,,,,,,
1368,,,,,,,,,
1369,,,,,,,,,
1370,,,,,,,,,
1371,,,,,,,,,
1372,,,,,,,,,
1373,,,,,,,,,
1374,,,,,,,,,
1375,,,,,,,,,
1376,,,,,,,,,
1377,,,,,,,,,
1378,,,,,,,,,
1379,,,,,,,,,
1380,,,,,,,,,
1381,,,,,,,,,
1382,,,,,,,,,
1383,,,,,,,,,
1384,,,,,,,,,
1385,,,,,,,,,
1386,,,,,,,,,
1387,,,,,,,,,
1388,,,,,,,,,
1389,,,,,,,,,
1390,,,,,,,,,
1391,,,,,,,,,
1392,,,,,,,,,
1393,,,,,,,,,
1394,,,,,,,,,
1395,,,,,,,,,
1396,,,,,,,,,
1397,,,,,,,,,
1398,,,,,,,,,
1399,,,,,,,,,
1400,,,,,,,,,
1401,,,,,,,,,
1402,,,,,,,,,
1403,,,,,,,,,
1404,,,,,,,,,
1405,,,,,,,,,
1406,,,,,,,,,
1407,,,,,,,,,
1408,,,,,,,,,
1409,,,,,,,,,
1410,,,,,,,,,
1411,,,,,,,,,
1412,,,,,,,,,
1413,,,,,,,,,
1414,,,,,,,,,
1415,,,,,,,,,
1416,,,,,,,,,
1417,,,,,,,,,
1418,,,,,,,,,
1419,,,,,,,,,
1420,,,,,,,,,
1421,,,,,,,,,
1422,,,,,,,,,
1423,,,,,,,,,
1424,,,,,,,,,
1425,,,,,,,,,
1426,,,,,,,,,
1427,,,,,,,,,
1428,,,,,,,,,
1429,,,,,,,,,
1430,,,,,,,,,
1431,,,,,,,,,
1432,,,,,,,,,
1433,,,,,,,,,
1434,,,,,,,,,
1435,,,,,,,,,
1436,,,,,,,,,
1437,,,,,,,,,
1438,,,,,,,,,
1439,,,,,,,,,
1440,,,,,,,,,
1441,,,,,,,,,
1442,,,,,,,,,
1443,,,,,,,,,
1444,,,,,,,,,
1445,,,,,,,,,
1446,,,,,,,,,
1447,,,,,,,,,
1448,,,,,,,,,
1449,,,,,,,,,
1450,,,,,,,,,
1451,,,,,,,,,
1452,,,,,,,,,
1453,,,,,,,,,
1454,,,,,,,,,
1455,,,,,,,,,
1456,,,,,,,,,
1457,,,,,,,,,
1458,,,,,,,,,
1459,,,,,,,,,
1460,,,,,,,,,
1461,,,,,,,,,
1462,,,,,,,,,
1463,,,,,,,,,
1464,,,,,,,,,
1465,,,,,,,,,
1466,,,,,,,,,
1467,,,,,,,,,
1468,,,,,,,,,
1469,,,,,,,,,
1470,,,,,,,,,
1471,,,,,,,,,
1472,,,,,,,,,
1473,,,,,,,,,
1474,,,,,,,,,
1475,,,,,,,,,
1476,,,,,,,,,
1477,,,,,,,,,
1478,,,,,,,,,
1479,,,,,,,,,
1480,,,,,,,,,
1481,,,,,,,,,
1482,,,,,,,,,
1483,,,,,,,,,
1484,,,,,,,,,
1485,,,,,,,,,
1486,,,,,,,,,
1487,,,,,,,,,
1488,,,,,,,,,
1489,,,,,,,,,
1490,,,,,,,,,
1491,,,,,,,,,
1492,,,,,,,,,
1493,,,,,,,,,
1494,,,,,,,,,
1495,,,,,,,,,
1496,,,,,,,,,
1497,,,,,,,,,
1498,,,,,,,,,
1499,,,,,,,,,
1500,,,,,,,,,
1501,,,,,,,,,
1502,,,,,,,,,
1503,,,,,,,,,
1504,,,,,,,,,
1505,,,,,,,,,
1506,,,,,,,,,
1507,,,,,,,,,
1508,,,,,,,,,
1509,,,,,,,,,
1510,,,,,,,,,
1511,,,,,,,,,
1512,,,,,,,,,
1513,,,,,,,,,
1514,,,,,,,,,
1515,,,,,,,,,
1516,,,,,,,,,
1517,,,,,,,,,
1518,,,,,,,,,
1519,,,,,,,,,
1520,,,,,,,,,
1521,,,,,,,,,
1522,,,,,,,,,
1523,,,,,,,,,
1524,,,,,,,,,
1525,,,,,,,,,
1526,,,,,,,,,
1527,,,,,,,,,
1528,,,,,,,,,
1529,,,,,,,,,
1530,,,,,,,,,
1531,,,,,,,,,
1532,,,,,,,,,
1533,,,,,,,,,
1534,,,,,,,,,
1535,,,,,,,,,
1536,,,,,,,,,
1537,,,,,,,,,
1538,,,,,,,,,
1539,,,,,,,,,
1540,,,,,,,,,
1541,,,,,,,,,
1542,,,,,,,,,
1543,,,,,,,,,
1544,,,,,,,,,
1545,,,,,,,,,
1546,,,,,,,,,
1547,,,,,,,,,
1548,,,,,,,,,
1549,,,,,,,,,
1550,,,,,,,,,
1551,,,,,,,,,
1552,,,,,,,,,
1553,,,,,,,,,
1554,,,,,,,,,
1555,,,,,,,,,
1556,,,,,,,,,
1557,,,,,,,,,
1558,,,,,,,,,
1559,,,,,,,,,
1560,,,,,,,,,
1561,,,,,,,,,
1562,,,,,,,,,
1563,,,,,,,,,
1564,,,,,,,,,
1565,,,,,,,,,
1566,,,,,,,,,
1567,,,,,,,,,
1568,,,,,,,,,
1569,,,,,,,,,
1570,,,,,,,,,
1571,,,,,,,,,
1572,,,,,,,,,
1573,,,,,,,,,
1574,,,,,,,,,
1575,,,,,,,,,
1576,,,,,,,,,
1577,,,,,,,,,
1578,,,,,,,,,
1579,,,,,,,,,
1580,,,,,,,,,
1581,,,,,,,,,
1582,,,,,,,,,
1583,,,,,,,,,
1584,,,,,,,,,
1585,,,,,,,,,
1586,,,,,,,,,
1587,,,,,,,,,
1588,,,,,,,,,
1589,,,,,,,,,
1590,,,,,,,,,
1591,,,,,,,,,
1592,,,,,,,,,
1593,,,,,,,,,
1594,,,,,,,,,
1595,,,,,,,,,
1596,,,,,,,,,
1597,,,,,,,,,
1598,,,,,,,,,
1599,,,,,,,,,
1600,,,,,,,,,
1601,,,,,,,,,
1602,,,,,,,,,
1603,,,,,,,,,
1604,,,,,,,,,
1605,,,,,,,,,
1606,,,,,,,,,
1607,,,,,,,,,
1608,,,,,,,,,
1609,,,,,,,,,
1610,,,,,,,,,
1611,,,,,,,,,
1612,,,,,,,,,
1613,,,,,,,,,
1614,,,,,,,,,
1615,,,,,,,,,
1616,,,,,,,,,
1617,,,,,,,,,
1618,,,,,,,,,
1619,,,,,,,,,
1620,,,,,,,,,
1621,,,,,,,,,
1622,,,,,,,,,
1623,,,,,,,,,
1624,,,,,,,,,
1625,,,,,,,,,
1626,,,,,,,,,
1627,,,,,,,,,
1628,,,,,,,,,
1629,,,,,,,,,
1630,,,,,,,,,
1631,,,,,,,,,
1632,,,,,,,,,
1633,,,,,,,,,
1634,,,,,,,,,
1635,,,,,,,,,
1636,,,,,,,,,
1637,,,,,,,,,
1638,,,,,,,,,
1639,,,,,,,,,
1640,,,,,,,,,
1641,,,,,,,,,
1642,,,,,,,,,
1643,,,,,,,,,
1644,,,,,,,,,
1645,,,,,,,,,
1646,,,,,,,,,
1647,,,,,,,,,
1648,,,,,,,,,
1649,,,,,,,,,
1650,,,,,,,,,
1651,,,,,,,,,
1652,,,,,,,,,
1653,,,,,,,,,
1654,,,,,,,,,
1655,,,,,,,,,
1656,,,,,,,,,
1657,,,,,,,,,
1658,,,,,,,,,
1659,,,,,,,,,
1660,,,,,,,,,
1661,,,,,,,,,
1662,,,,,,,,,
1663,,,,,,,,,
1664,,,,,,,,,
1665,,,,,,,,,
1666,,,,,,,,,
1667,,,,,,,,,
1668,,,,,,,,,
1669,,,,,,,,,
1670,,,,,,,,,
1671,,,,,,,,,
1672,,,,,,,,,
1673,,,,,,,,,
1674,,,,,,,,,
1675,,,,,,,,,
1676,,,,,,,,,
1677,,,,,,,,,
1678,,,,,,,,,
1679,,,,,,,,,
1680,,,,,,,,,
1681,,,,,,,,,
1682,,,,,,,,,
1683,,,,,,,,,
1684,,,,,,,,,
1685,,,,,,,,,
1686,,,,,,,,,
1687,,,,,,,,,
1688,,,,,,,,,
1689,,,,,,,,,
1690,,,,,,,,,
1691,,,,,,,,,
1692,,,,,,,,,
1693,,,,,,,,,
1694,,,,,,,,,
1695,,,,,,,,,
1696,,,,,,,,,
1697,,,,,,,,,
1698,,,,,,,,,
1699,,,,,,,,,
1700,,,,,,,,,
1701,,,,,,,,,
1702,,,,,,,,,
1703,,,,,,,,,
1704,,,,,,,,,
1705,,,,,,,,,
1706,,,,,,,,,
1707,,,,,,,,,
1708,,,,,,,,,
1709,,,,,,,,,
1710,,,,,,,,,
1711,,,,,,,,,
1712,,,,,,,,,
1713,,,,,,,,,
1714,,,,,,,,,
1715,,,,,,,,,
1716,,,,,,,,,
1717,,,,,,,,,
1718,,,,,,,,,
1719,,,,,,,,,
1720,,,,,,,,,
1721,,,,,,,,,
1722,,,,,,,,,
1723,,,,,,,,,
1724,,,,,,,,,
1725,,,,,,,,,
1726,,,,,,,,,
1727,,,,,,,,,
1728,,,,,,,,,
1729,,,,,,,,,
1730,,,,,,,,,
1731,,,,,,,,,
1732,,,,,,,,,
1733,,,,,,,,,
1734,,,,,,,,,
1735,,,,,,,,,
1736,,,,,,,,,
1737,,,,,,,,,
1738,,,,,,,,,
1739,,,,,,,,,
1740,,,,,,,,,
1741,,,,,,,,,
1742,,,,,,,,,
1743,,,,,,,,,
1744,,,,,,,,,
1745,,,,,,,,,
1746,,,,,,,,,
1747,,,,,,,,,
1748,,,,,,,,,
1749,,,,,,,,,
1750,,,,,,,,,
1751,,,,,,,,,
1752,,,,,,,,,
1753,,,,,,,,,
1754,,,,,,,,,
1755,,,,,,,,,
1756,,,,,,,,,
1757,,,,,,,,,
1758,,,,,,,,,
1759,,,,,,,,,
1760,,,,,,,,,
1761,,,,,,,,,
1762,,,,,,,,,
1763,,,,,,,,,
1764,,,,,,,,,
1765,,,,,,,,,
1766,,,,,,,,,
1767,,,,,,,,,
1768,,,,,,,,,
1769,,,,,,,,,
1770,,,,,,,,,
1771,,,,,,,,,
1772,,,,,,,,,
1773,,,,,,,,,
1774,,,,,,,,,
1775,,,,,,,,,
1776,,,,,,,,,
1777,,,,,,,,,
1778,,,,,,,,,
1779,,,,,,,,,
1780,,,,,,,,,
1781,,,,,,,,,
1782,,,,,,,,,
1783,,,,,,,,,
1784,,,,,,,,,
1785,,,,,,,,,
1786,,,,,,,,,
1787,,,,,,,,,
1788,,,,,,,,,
1789,,,,,,,,,
1790,,,,,,,,,
1791,,,,,,,,,
1792,,,,,,,,,
1793,,,,,,,,,
1794,,,,,,,,,
1795,,,,,,,,,
1796,,,,,,,,,
1797,,,,,,,,,
1798,,,,,,,,,
1799,,,,,,,,,
1800,,,,,,,,,
1801,,,,,,,,,
1802,,,,,,,,,
1803,,,,,,,,,
1804,,,,,,,,,
1805,,,,,,,,,
1806,,,,,,,,,
1807,,,,,,,,,
1808,,,,,,,,,
1809,,,,,,,,,
1810,,,,,,,,,
1811,,,,,,,,,
1812,,,,,,,,,
1813,,,,,,,,,
1814,,,,,,,,,
1815,,,,,,,,,
1816,,,,,,,,,
1817,,,,,,,,,
1818,,,,,,,,,
1819,,,,,,,,,
1820,,,,,,,,,
1821,,,,,,,,,
1822,,,,,,,,,
1823,,,,,,,,,
1824,,,,,,,,,
1825,,,,,,,,,
1826,,,,,,,,,
1827,,,,,,,,,
1828,,,,,,,,,
1829,,,,,,,,,
1830,,,,,,,,,
1831,,,,,,,,,
1832,,,,,,,,,
1833,,,,,,,,,
1834,,,,,,,,,
1835,,,,,,,,,
1836,,,,,,,,,
1837,,,,,,,,,
1838,,,,,,,,,
1839,,,,,,,,,
1840,,,,,,,,,
1841,,,,,,,,,
1842,,,,,,,,,
1843,,,,,,,,,
1844,,,,,,,,,
1845,,,,,,,,,
1846,,,,,,,,,
1847,,,,,,,,,
1848,,,,,,,,,
1849,,,,,,,,,
1850,,,,,,,,,
1851,,,,,,,,,
1852,,,,,,,,,
1853,,,,,,,,,
1854,,,,,,,,,
1855,,,,,,,,,
1856,,,,,,,,,
1857,,,,,,,,,
1858,,,,,,,,,
1859,,,,,,,,,
1860,,,,,,,,,
1861,,,,,,,,,
1862,,,,,,,,,
1863,,,,,,,,,
1864,,,,,,,,,
1865,,,,,,,,,
1866,,,,,,,,,
1867,,,,,,,,,
1868,,,,,,,,,
1869,,,,,,,,,
1870,,,,,,,,,
1871,,,,,,,,,
1872,,,,,,,,,
1873,,,,,,,,,
1874,,,,,,,,,
1875,,,,,,,,,
1876,,,,,,,,,
1877,,,,,,,,,
1878,,,,,,,,,
1879,,,,,,,,,
1880,,,,,,,,,
1881,,,,,,,,,
1882,,,,,,,,,
1883,,,,,,,,,
1884,,,,,,,,,
1885,,,,,,,,,
1886,,,,,,,,,
1887,,,,,,,,,
1888,,,,,,,,,
1889,,,,,,,,,
1890,,,,,,,,,
1891,,,,,,,,,
1892,,,,,,,,,
1893,,,,,,,,,
1894,,,,,,,,,
1895,,,,,,,,,
1896,,,,,,,,,
1897,,,,,,,,,
1898,,,,,,,,,
1899,,,,,,,,,
1900,,,,,,,,,
1901,,,,,,,,,
1902,,,,,,,,,
1903,,,,,,,,,
1904,,,,,,,,,
1905,,,,,,,,,
1906,,,,,,,,,
1907,,,,,,,,,
1908,,,,,,,,,
1909,,,,,,,,,
1910,,,,,,,,,
1911,,,,,,,,,
1912,,,,,,,,,
1913,,,,,,,,,
1914,,,,,,,,,
1915,,,,,,,,,
1916,,,,,,,,,
1917,,,,,,,,,
1918,,,,,,,,,
1919,,,,,,,,,
1920,,,,,,,,,
1921,,,,,,,,,
1922,,,,,,,,,
1923,,,,,,,,,
1924,,,,,,,,,
1925,,,,,,,,,
1926,,,,,,,,,
1927,,,,,,,,,
1928,,,,,,,,,
1929,,,,,,,,,
1930,,,,,,,,,
1931,,,,,,,,,
1932,,,,,,,,,
1933,,,,,,,,,
1934,,,,,,,,,
1935,,,,,,,,,
1936,,,,,,,,,
1937,,,,,,,,,
1938,,,,,,,,,
1939,,,,,,,,,
1940,,,,,,,,,
1941,,,,,,,,,
1942,,,,,,,,,
1943,,,,,,,,,
1944,,,,,,,,,
1945,,,,,,,,,
1946,,,,,,,,,
1947,,,,,,,,,
1948,,,,,,,,,
1949,,,,,,,,,
1950,,,,,,,,,
1951,,,,,,,,,
1952,,,,,,,,,
1953,,,,,,,,,
1954,,,,,,,,,
1955,,,,,,,,,
1956,,,,,,,,,
1957,,,,,,,,,
1958,,,,,,,,,
1959,,,,,,,,,
1960,,,,,,,,,
1961,,,,,,,,,
1962,,,,,,,,,
1963,,,,,,,,,
1964,,,,,,,,,
1965,,,,,,,,,
1966,,,,,,,,,
1967,,,,,,,,,
1968,,,,,,,,,
1969,,,,,,,,,
1970,,,,,,,,,
1971,,,,,,,,,
1972,,,,,,,,,
1973,,,,,,,,,
1974,,,,,,,,,
1975,,,,,,,,,
1976,,,,,,,,,
1977,,,,,,,,,
1978,,,,,,,,,
1979,,,,,,,,,
1980,,,,,,,,,
1981,,,,,,,,,
1982,,,,,,,,,
1983,,,,,,,,,
1984,,,,,,,,,
1985,,,,,,,,,
1986,,,,,,,,,
1987,,,,,,,,,
1988,,,,,,,,,
1989,,,,,,,,,
1990,,,,,,,,,
1991,,,,,,,,,
1992,,,,,,,,,
1993,,,,,,,,,
1994,,,,,,,,,
1995,,,,,,,,,
1996,,,,,,,,,
1997,,,,,,,,,
1998,,,,,,,,,
1999,,,,,,,,,
2000,,,,,,,,,
2001,,,,,,,,,
2002,,,,,,,,,
2003,,,,,,,,,
2004,,,,,,,,,
2005,,,,,,,,,
2006,,,,,,,,,
2007,,,,,,,,,
2008,,,,,,,,,
2009,,,,,,,,,
2010,,,,,,,,,
2011,,,,,,,,,
2012,,,,,,,,,
2013,,,,,,,,,
2014,,,,,,,,,
2015,,,,,,,,,
2016,,,,,,,,,
2017,,,,,,,,,
2018,,,,,,,,,
2019,,,,,,,,,
2020,,,,,,,,,
2021,,,,,,,,,
2022,,,,,,,,,
2023,,,,,,,,,
2024,,,,,,,,,
2025,,,,,,,,,
2026,,,,,,,,,
2027,,,,,,,,,
2028,,,,,,,,,
2029,,,,,,,,,
2030,,,,,,,,,
2031,,,,,,,,,
2032,,,,,,,,,
2033,,,,,,,,,
2034,,,,,,,,,
2035,,,,,,,,,
2036,,,,,,,,,
2037,,,,,,,,,
2038,,,,,,,,,
2039,,,,,,,,,
2040,,,,,,,,,
2041,,,,,,,,,
2042,,,,,,,,,
2043,,,,,,,,,
2044,,,,,,,,,
2045,,,,,,,,,
2046,,,,,,,,,
2047,,,,,,,,,
2048,,,,,,,,,
2049,,,,,,,,,
2050,,,,,,,,,
2051,,,,,,,,,
2052,,,,,,,,,
2053,,,,,,,,,
2054,,,,,,,,,
2055,,,,,,,,,
2056,,,,,,,,,
2057,,,,,,,,,
2058,,,,,,,,,
2059,,,,,,,,,
2060,,,,,,,,,
2061,,,,,,,,,
2062,,,,,,,,,
2063,,,,,,,,,
2064,,,,,,,,,
2065,,,,,,,,,
2066,,,,,,,,,
2067,,,,,,,,,
2068,,,,,,,,,
2069,,,,,,,,,
2070,,,,,,,,,
2071,,,,,,,,,
2072,,,,,,,,,
2073,,,,,,,,,
2074,,,,,,,,,
2075,,,,,,,,,
2076,,,,,,,,,
2077,,,,,,,,,
2078,,,,,,,,,
2079,,,,,,,,,
2080,,,,,,,,,
2081,,,,,,,,,
2082,,,,,,,,,
2083,,,,,,,,,
2084,,,,,,,,,
2085,,,,,,,,,
2086,,,,,,,,,
2087,,,,,,,,,
2088,,,,,,,,,
2089,,,,,,,,,
2090,,,,,,,,,
2091,,,,,,,,,
2092,,,,,,,,,
2093,,,,,,,,,
2094,,,,,,,,,
2095,,,,,,,,,
2096,,,,,,,,,
2097,,,,,,,,,
2098,,,,,,,,,
2099,,,,,,,,,
2100,,,,,,,,,
2101,,,,,,,,,
2102,,,,,,,,,
2103,,,,,,,,,
2104,,,,,,,,,
2105,,,,,,,,,
2106,,,,,,,,,
2107,,,,,,,,,
2108,,,,,,,,,
2109,,,,,,,,,
2110,,,,,,,,,
2111,,,,,,,,,
2112,,,,,,,,,
2113,,,,,,,,,
2114,,,,,,,,,
2115,,,,,,,,,
2116,,,,,,,,,
2117,,,,,,,,,
2118,,,,,,,,,
2119,,,,,,,,,
2120,,,,,,,,,
2121,,,,,,,,,
2122,,,,,,,,,
2123,,,,,,,,,
2124,,,,,,,,,
2125,,,,,,,,,
2126,,,,,,,,,
2127,,,,,,,,,
2128,,,,,,,,,
2129,,,,,,,,,
2130,,,,,,,,,
2131,,,,,,,,,
2132,,,,,,,,,
2133,,,,,,,,,
2134,,,,,,,,,
2135,,,,,,,,,
2136,,,,,,,,,
2137,,,,,,,,,
2138,,,,,,,,,
2139,,,,,,,,,
2140,,,,,,,,,
2141,,,,,,,,,
2142,,,,,,,,,
2143,,,,,,,,,
2144,,,,,,,,,
2145,,,,,,,,,
2146,,,,,,,,,
2147,,,,,,,,,
2148,,,,,,,,,
2149,,,,,,,,,
2150,,,,,,,,,
2151,,,,,,,,,
2152,,,,,,,,,
2153,,,,,,,,,
2154,,,,,,,,,
2155,,,,,,,,,
2156,,,,,,,,,
2157,,,,,,,,,
2158,,,,,,,,,
2159,,,,,,,,,
2160,,,,,,,,,
2161,,,,,,,,,
2162,,,,,,,,,
2163,,,,,,,,,
2164,,,,,,,,,
2165,,,,,,,,,
2166,,,,,,,,,
2167,,,,,,,,,
2168,,,,,,,,,
2169,,,,,,,,,
2170,,,,,,,,,
2171,,,,,,,,,
2172,,,,,,,,,
2173,,,,,,,,,
2174,,,,,,,,,
2175,,,,,,,,,
2176,,,,,,,,,
2177,,,,,,,,,
2178,,,,,,,,,
2179,,,,,,,,,
2180,,,,,,,,,
2181,,,,,,,,,
2182,,,,,,,,,
2183,,,,,,,,,
2184,,,,,,,,,
2185,,,,,,,,,
2186,,,,,,,,,
2187,,,,,,,,,
2188,,,,,,,,,
2189,,,,,,,,,
2190,,,,,,,,,
2191,,,,,,,,,
2192,,,,,,,,,
2193,,,,,,,,,
2194,,,,,,,,,
2195,,,,,,,,,
2196,,,,,,,,,
2197,,,,,,,,,
2198,,,,,,,,,
2199,,,,,,,,,
2200,,,,,,,,,
2201,,,,,,,,,
2202,,,,,,,,,
2203,,,,,,,,,
2204,,,,,,,,,
2205,,,,,,,,,
2206,,,,,,,,,
2207,,,,,,,,,
2208,,,,,,,,,
2209,,,,,,,,,
2210,,,,,,,,,
2211,,,,,,,,,
2212,,,,,,,,,
2213,,,,,,,,,
2214,,,,,,,,,
2215,,,,,,,,,
2216,,,,,,,,,
2217,,,,,,,,,
2218,,,,,,,,,
2219,,,,,,,,,
2220,,,,,,,,,
2221,,,,,,,,,
2222,,,,,,,,,
2223,,,,,,,,,
2224,,,,,,,,,
2225,,,,,,,,,
2226,,,,,,,,,
2227,,,,,,,,,
2228,,,,,,,,,
2229,,,,,,,,,
2230,,,,,,,,,
2231,,,,,,,,,
2232,,,,,,,,,
2233,,,,,,,,,
2234,,,,,,,,,
2235,,,,,,,,,
2236,,,,,,,,,
2237,,,,,,,,,
2238,,,,,,,,,
2239,,,,,,,,,
2240,,,,,,,,,
2241,,,,,,,,,
2242,,,,,,,,,
2243,,,,,,,,,
2244,,,,,,,,,
2245,,,,,,,,,
2246,,,,,,,,,
2247,,,,,,,,,
2248,,,,,,,,,
2249,,,,,,,,,
2250,,,,,,,,,
2251,,,,,,,,,
2252,,,,,,,,,
2253,,,,,,,,,
2254,,,,,,,,,
2255,,,,,,,,,
2256,,,,,,,,,
2257,,,,,,,,,
2258,,,,,,,,,
2259,,,,,,,,,
2260,,,,,,,,,
2261,,,,,,,,,
2262,,,,,,,,,
2263,,,,,,,,,
2264,,,,,,,,,
2265,,,,,,,,,
2266,,,,,,,,,
2267,,,,,,,,,
2268,,,,,,,,,
2269,,,,,,,,,
2270,,,,,,,,,
2271,,,,,,,,,
2272,,,,,,,,,
2273,,,,,,,,,
2274,,,,,,,,,
2275,,,,,,,,,
2276,,,,,,,,,
2277,,,,,,,,,
2278,,,,,,,,,
2279,,,,,,,,,
2280,,,,,,,,,
2281,,,,,,,,,
2282,,,,,,,,,
2283,,,,,,,,,
2284,,,,,,,,,
2285,,,,,,,,,
2286,,,,,,,,,
2287,,,,,,,,,
2288,,,,,,,,,
2289,,,,,,,,,
2290,,,,,,,,,
2291,,,,,,,,,
2292,,,,,,,,,
2293,,,,,,,,,
2294,,,,,,,,,
2295,,,,,,,,,
2296,,,,,,,,,
2297,,,,,,,,,
2298,,,,,,,,,
2299,,,,,,,,,
2300,,,,,,,,,
2301,,,,,,,,,
2302,,,,,,,,,
2303,,,,,,,,,
2304,,,,,,,,,
2305,,,,,,,,,
2306,,,,,,,,,
2307,,,,,,,,,
2308,,,,,,,,,
2309,,,,,,,,,
2310,,,,,,,,,
2311,,,,,,,,,
2312,,,,,,,,,
2313,,,,,,,,,
2314,,,,,,,,,
2315,,,,,,,,,
2316,,,,,,,,,
2317,,,,,,,,,
2318,,,,,,,,,
2319,,,,,,,,,
2320,,,,,,,,,
2321,,,,,,,,,
2322,,,,,,,,,
2323,,,,,,,,,
2324,,,,,,,,,
2325,,,,,,,,,
2326,,,,,,,,,
2327,,,,,,,,,
2328,,,,,,,,,
2329,,,,,,,,,
2330,,,,,,,,,
2331,,,,,,,,,
2332,,,,,,,,,
2333,,,,,,,,,
2334,,,,,,,,,
2335,,,,,,,,,
2336,,,,,,,,,
2337,,,,,,,,,
2338,,,,,,,,,
2339,,,,,,,,,
2340,,,,,,,,,
2341,,,,,,,,,
2342,,,,,,,,,
2343,,,,,,,,,
2344,,,,,,,,,
2345,,,,,,,,,
2346,,,,,,,,,
2347,,,,,,,,,
2348,,,,,,,,,
2349,,,,,,,,,
2350,,,,,,,,,
2351,,,,,,,,,
2352,,,,,,,,,
2353,,,,,,,,,
2354,,,,,,,,,
2355,,,,,,,,,
2356,,,,,,,,,
2357,,,,,,,,,
2358,,,,,,,,,
2359,,,,,,,,,
2360,,,,,,,,,
2361,,,,,,,,,
2362,,,,,,,,,
2363,,,,,,,,,
2364,,,,,,,,,
2365,,,,,,,,,
2366,,,,,,,,,
2367,,,,,,,,,
2368,,,,,,,,,
2369,,,,,,,,,
2370,,,,,,,,,
2371,,,,,,,,,
2372,,,,,,,,,
2373,,,,,,,,,
2374,,,,,,,,,
2375,,,,,,,,,
2376,,,,,,,,,
2377,,,,,,,,,
2378,,,,,,,,,
2379,,,,,,,,,
2380,,,,,,,,,
2381,,,,,,,,,
2382,,,,,,,,,
2383,,,,,,,,,
2384,,,,,,,,,
2385,,,,,,,,,
2386,,,,,,,,,
2387,,,,,,,,,
2388,,,,,,,,,
2389,,,,,,,,,
2390,,,,,,,,,
2391,,,,,,,,,
2392,,,,,,,,,
2393,,,,,,,,,
2394,,,,,,,,,
2395,,,,,,,,,
2396,,,,,,,,,
2397,,,,,,,,,
2398,,,,,,,,,
2399,,,,,,,,,
2400,,,,,,,,,
2401,,,,,,,,,
2402,,,,,,,,,
2403,,,,,,,,,
2404,,,,,,,,,
2405,,,,,,,,,
2406,,,,,,,,,
2407,,,,,,,,,
2408,,,,,,,,,
2409,,,,,,,,,
2410,,,,,,,,,
2411,,,,,,,,,
2412,,,,,,,,,
2413,,,,,,,,,
2414,,,,,,,,,
2415,,,,,,,,,
2416,,,,,,,,,
2417,,,,,,,,,
2418,,,,,,,,,
2419,,,,,,,,,
2420,,,,,,,,,
2421,,,,,,,,,
2422,,,,,,,,,
2423,,,,,,,,,
2424,,,,,,,,,
2425,,,,,,,,,
2426,,,,,,,,,
2427,,,,,,,,,
2428,,,,,,,,,
2429,,,,,,,,,
2430,,,,,,,,,
2431,,,,,,,,,
2432,,,,,,,,,
2433,,,,,,,,,
2434,,,,,,,,,
2435,,,,,,,,,
2436,,,,,,,,,
2437,,,,,,,,,
2438,,,,,,,,,
2439,,,,,,,,,
2440,,,,,,,,,
2441,,,,,,,,,
2442,,,,,,,,,
2443,,,,,,,,,
2444,,,,,,,,,
2445,,,,,,,,,
2446,,,,,,,,,
2447,,,,,,,,,
2448,,,,,,,,,
2449,,,,,,,,,
2450,,,,,,,,,
2451,,,,,,,,,
2452,,,,,,,,,
2453,,,,,,,,,
2454,,,,,,,,,
2455,,,,,,,,,
2456,,,,,,,,,
2457,,,,,,,,,
2458,,,,,,,,,
2459,,,,,,,,,
2460,,,,,,,,,
2461,,,,,,,,,
2462,,,,,,,,,
2463,,,,,,,,,
2464,,,,,,,,,
2465,,,,,,,,,
2466,,,,,,,,,
2467,,,,,,,,,
2468,,,,,,,,,
2469,,,,,,,,,
2470,,,,,,,,,
2471,,,,,,,,,
2472,,,,,,,,,
2473,,,,,,,,,
2474,,,,,,,,,
2475,,,,,,,,,
2476,,,,,,,,,
2477,,,,,,,,,
2478,,,,,,,,,
2479,,,,,,,,,
2480,,,,,,,,,
2481,,,,,,,,,
2482,,,,,,,,,
2483,,,,,,,,,
2484,,,,,,,,,
2485,,,,,,,,,
2486,,,,,,,,,
2487,,,,,,,,,
2488,,,,,,,,,
2489,,,,,,,,,
2490,,,,,,,,,
2491,,,,,,,,,
2492,,,,,,,,,
2493,,,,,,,,,
2494,,,,,,,,,
2495,,,,,,,,,
2496,,,,,,,,,
2497,,,,,,,,,
2498,,,,,,,,,
2499,,,,,,,,,
2500,,,,,,,,,
2501,,,,,,,,,
2502,,,,,,,,,
2503,,,,,,,,,
2504,,,,,,,,,
2505,,,,,,,,,
2506,,,,,,,,,
2507,,,,,,,,,
2508,,,,,,,,,
2509,,,,,,,,,
2510,,,,,,,,,
2511,,,,,,,,,
2512,,,,,,,,,
2513,,,,,,,,,
2514,,,,,,,,,
2515,,,,,,,,,
2516,,,,,,,,,
2517,,,,,,,,,
2518,,,,,,,,,
2519,,,,,,,,,
2520,,,,,,,,,
2521,,,,,,,,,
2522,,,,,,,,,
2523,,,,,,,,,
2524,,,,,,,,,
2525,,,,,,,,,
2526,,,,,,,,,
2527,,,,,,,,,
2528,,,,,,,,,
2529,,,,,,,,,
2530,,,,,,,,,
2531,,,,,,,,,
2532,,,,,,,,,
2533,,,,,,,,,
2534,,,,,,,,,
2535,,,,,,,,,
2536,,,,,,,,,
2537,,,,,,,,,
2538,,,,,,,,,
2539,,,,,,,,,
2540,,,,,,,,,
2541,,,,,,,,,
2542,,,,,,,,,
2543,,,,,,,,,
2544,,,,,,,,,
2545,,,,,,,,,
2546,,,,,,,,,
2547,,,,,,,,,
2548,,,,,,,,,
2549,,,,,,,,,
2550,,,,,,,,,
2551,,,,,,,,,
2552,,,,,,,,,
2553,,,,,,,,,
2554,,,,,,,,,
2555,,,,,,,,,
2556,,,,,,,,,
2557,,,,,,,,,
2558,,,,,,,,,
2559,,,,,,,,,
2560,,,,,,,,,
2561,,,,,,,,,
2562,,,,,,,,,
2563,,,,,,,,,
2564,,,,,,,,,
2565,,,,,,,,,
2566,,,,,,,,,
2567,,,,,,,,,
2568,,,,,,,,,
2569,,,,,,,,,
2570,,,,,,,,,
2571,,,,,,,,,
2572,,,,,,,,,
2573,,,,,,,,,
2574,,,,,,,,,
2575,,,,,,,,,
2576,,,,,,,,,
2577,,,,,,,,,
2578,,,,,,,,,
2579,,,,,,,,,
2580,,,,,,,,,
2581,,,,,,,,,
2582,,,,,,,,,
2583,,,,,,,,,
2584,,,,,,,,,
2585,,,,,,,,,
2586,,,,,,,,,
2587,,,,,,,,,
2588,,,,,,,,,
2589,,,,,,,,,
2590,,,,,,,,,
2591,,,,,,,,,
2592,,,,,,,,,
2593,,,,,,,,,
2594,,,,,,,,,
2595,,,,,,,,,
2596,,,,,,,,,
2597,,,,,,,,,
2598,,,,,,,,,
2599,,,,,,,,,
2600,,,,,,,,,
