wavelength,RSR_Rrs_400,RSR_Rrs_412.5,RSR_Rrs_442.5,RSR_Rrs_490,RSR_Rrs_510,RSR_Rrs_560,RSR_Rrs_620,RSR_Rrs_665,RSR_Rrs_673.75,RSR_Rrs_681.25,RSR_Rrs_708.75,RSR_Rrs_753.75,RSR_Rrs_761.25,RSR_Rrs_764.375,RSR_Rrs_767.5,RSR_Rrs_778.75,RSR_Rrs_865,RSR_Rrs_885,RSR_Rrs_900,RSR_Rrs_940,RSR_Rrs_1020
387,,,,,,,,,,,,,,,,,,,,,
388,0,,,,,,,,,,,,,,,,,,,,
389,0.000000209,,,,,,,,,,,,,,,,,,,,
390,0.000093481,,,,,,,,,,,,,,,,,,,,
391,0.00865023,,,,,,,,,,,,,,,,,,,,
392,0.145228,,,,,,,,,,,,,,,,,,,,
393,0.42513,,,,,,,,,,,,,,,,,,,,
394,0.525438,,,,,,,,,,,,,,,,,,,,
395,0.579783,,,,,,,,,,,,,,,,,,,,
396,0.634964,,,,,,,,,,,,,,,,,,,,
397,0.695403,,,,,,,,,,,,,,,,,,,,
398,0.760617,,,,,,,,,,,,,,,,,,,,
399,0.827648,,,,,,,,,,,,,,,,,,,,
400,0.890777,,,,,,,,,,,,,,,,,,,,
401,0.929469,,,,,,,,,,,,,,,,,,,,
402,0.940113,,,,,,,,,,,,,,,,,,,,
403,0.959591,0.000000005,,,,,,,,,,,,,,,,,,,
404,0.980764,0.000004976,,,,,,,,,,,,,,,,,,,
405,0.997316,0.0011925,,,,,,,,,,,,,,,,,,,
406,0.952355,0.0570395,,,,,,,,,,,,,,,,,,,
407,0.500745,0.494154,,,,,,,,,,,,,,,,,,,
408,0.0551533,0.92198,,,,,,,,,,,,,,,,,,,
409,0.00105323,0.981286,,,,,,,,,,,,,,,,,,,
410,0.000004472,0.987823,,,,,,,,,,,,,,,,,,,
411,0.000000004,0.98987,,,,,,,,,,,,,,,,,,,
412,,0.991946,,,,,,,,,,,,,,,,,,,
413,,0.994596,,,,,,,,,,,,,,,,,,,
414,,0.993343,,,,,,,,,,,,,,,,,,,
415,,0.987926,,,,,,,,,,,,,,,,,,,
416,,0.904036,,,,,,,,,,,,,,,,,,,
417,,0.423677,,,,,,,,,,,,,,,,,,,
418,,0.0423855,,,,,,,,,,,,,,,,,,,
419,,0.000808442,,,,,,,,,,,,,,,,,,,
420,,0.000003389,,,,,,,,,,,,,,,,,,,
421,,0.000000003,,,,,,,,,,,,,,,,,,,
422,,,,,,,,,,,,,,,,,,,,,
423,,,,,,,,,,,,,,,,,,,,,
424,,,,,,,,,,,,,,,,,,,,,
425,,,,,,,,,,,,,,,,,,,,,
426,,,,,,,,,,,,,,,,,,,,,
427,,,,,,,,,,,,,,,,,,,,,
428,,,,,,,,,,,,,,,,,,,,,
429,,,,,,,,,,,,,,,,,,,,,
430,,,,,,,,,,,,,,,,,,,,,
431,,,,,,,,,,,,,,,,,,,,,
432,,,,,,,,,,,,,,,,,,,,,
433,,,,,,,,,,,,,,,,,,,,,
434,,,0.000000015,,,,,,,,,,,,,,,,,,
435,,,0.000009303,,,,,,,,,,,,,,,,,,
436,,,0.00154075,,,,,,,,,,,,,,,,,,
437,,,0.0600091,,,,,,,,,,,,,,,,,,
438,,,0.47551,,,,,,,,,,,,,,,,,,
439,,,0.925863,,,,,,,,,,,,,,,,,,
440,,,0.998429,,,,,,,,,,,,,,,,,,
441,,,0.999203,,,,,,,,,,,,,,,,,,
442,,,0.99608,,,,,,,,,,,,,,,,,,
443,,,0.992433,,,,,,,,,,,,,,,,,,
444,,,0.988636,,,,,,,,,,,,,,,,,,
445,,,0.985844,,,,,,,,,,,,,,,,,,
446,,,0.979486,,,,,,,,,,,,,,,,,,
447,,,0.906571,,,,,,,,,,,,,,,,,,
448,,,0.479452,,,,,,,,,,,,,,,,,,
449,,,0.0649061,,,,,,,,,,,,,,,,,,
450,,,0.0018555,,,,,,,,,,,,,,,,,,
451,,,0.000012616,,,,,,,,,,,,,,,,,,
452,,,0.000000022,,,,,,,,,,,,,,,,,,
453,,,,,,,,,,,,,,,,,,,,,
454,,,,,,,,,,,,,,,,,,,,,
455,,,,,,,,,,,,,,,,,,,,,
456,,,,,,,,,,,,,,,,,,,,,
457,,,,,,,,,,,,,,,,,,,,,
458,,,,,,,,,,,,,,,,,,,,,
459,,,,,,,,,,,,,,,,,,,,,
460,,,,,,,,,,,,,,,,,,,,,
461,,,,,,,,,,,,,,,,,,,,,
462,,,,,,,,,,,,,,,,,,,,,
463,,,,,,,,,,,,,,,,,,,,,
464,,,,,,,,,,,,,,,,,,,,,
465,,,,,,,,,,,,,,,,,,,,,
466,,,,,,,,,,,,,,,,,,,,,
467,,,,,,,,,,,,,,,,,,,,,
468,,,,,,,,,,,,,,,,,,,,,
469,,,,,,,,,,,,,,,,,,,,,
470,,,,,,,,,,,,,,,,,,,,,
471,,,,,,,,,,,,,,,,,,,,,
472,,,,,,,,,,,,,,,,,,,,,
473,,,,,,,,,,,,,,,,,,,,,
474,,,,,,,,,,,,,,,,,,,,,
475,,,,,,,,,,,,,,,,,,,,,
476,,,,,,,,,,,,,,,,,,,,,
477,,,,,,,,,,,,,,,,,,,,,
478,,,,,,,,,,,,,,,,,,,,,
479,,,,,,,,,,,,,,,,,,,,,
480,,,,,,,,,,,,,,,,,,,,,
481,,,,0.000000004,,,,,,,,,,,,,,,,,
482,,,,0.000002545,,,,,,,,,,,,,,,,,
483,,,,0.000488219,,,,,,,,,,,,,,,,,
484,,,,0.0244936,,,,,,,,,,,,,,,,,
485,,,,0.285737,,,,,,,,,,,,,,,,,
486,,,,0.803087,,,,,,,,,,,,,,,,,
487,,,,0.970371,,,,,,,,,,,,,,,,,
488,,,,0.981796,,,,,,,,,,,,,,,,,
489,,,,0.984283,,,,,,,,,,,,,,,,,
490,,,,0.987358,,,,,,,,,,,,,,,,,
491,,,,0.990852,,,,,,,,,,,,,,,,,
492,,,,0.994942,,,,,,,,,,,,,,,,,
493,,,,0.998138,,,,,,,,,,,,,,,,,
494,,,,0.977382,,,,,,,,,,,,,,,,,
495,,,,0.710387,,,,,,,,,,,,,,,,,
496,,,,0.181403,,,,,,,,,,,,,,,,,
497,,,,0.0107056,,,,,,,,,,,,,,,,,
498,,,,0.00015367,,,,,,,,,,,,,,,,,
499,,,,0.000000581,,,,,,,,,,,,,,,,,
500,,,,,,,,,,,,,,,,,,,,,
501,,,,,0.000000005,,,,,,,,,,,,,,,,
502,,,,,0.000002952,,,,,,,,,,,,,,,,
503,,,,,0.00053812,,,,,,,,,,,,,,,,
504,,,,,0.0255924,,,,,,,,,,,,,,,,
505,,,,,0.288108,,,,,,,,,,,,,,,,
506,,,,,0.794649,,,,,,,,,,,,,,,,
507,,,,,0.959393,,,,,,,,,,,,,,,,
508,,,,,0.972706,,,,,,,,,,,,,,,,
509,,,,,0.977193,,,,,,,,,,,,,,,,
510,,,,,0.98282,,,,,,,,,,,,,,,,
511,,,,,0.988853,,,,,,,,,,,,,,,,
512,,,,,0.994082,,,,,,,,,,,,,,,,
513,,,,,0.998084,,,,,,,,,,,,,,,,
514,,,,,0.976436,,,,,,,,,,,,,,,,
515,,,,,0.703952,,,,,,,,,,,,,,,,
516,,,,,0.178312,,,,,,,,,,,,,,,,
517,,,,,0.0104639,,,,,,,,,,,,,,,,
518,,,,,0.000152111,,,,,,,,,,,,,,,,
519,,,,,0.000000596,,,,,,,,,,,,,,,,
520,,,,,,,,,,,,,,,,,,,,,
521,,,,,,,,,,,,,,,,,,,,,
522,,,,,,,,,,,,,,,,,,,,,
523,,,,,,,,,,,,,,,,,,,,,
524,,,,,,,,,,,,,,,,,,,,,
525,,,,,,,,,,,,,,,,,,,,,
526,,,,,,,,,,,,,,,,,,,,,
527,,,,,,,,,,,,,,,,,,,,,
528,,,,,,,,,,,,,,,,,,,,,
529,,,,,,,,,,,,,,,,,,,,,
530,,,,,,,,,,,,,,,,,,,,,
531,,,,,,,,,,,,,,,,,,,,,
532,,,,,,,,,,,,,,,,,,,,,
533,,,,,,,,,,,,,,,,,,,,,
534,,,,,,,,,,,,,,,,,,,,,
535,,,,,,,,,,,,,,,,,,,,,
536,,,,,,,,,,,,,,,,,,,,,
537,,,,,,,,,,,,,,,,,,,,,
538,,,,,,,,,,,,,,,,,,,,,
539,,,,,,,,,,,,,,,,,,,,,
540,,,,,,,,,,,,,,,,,,,,,
541,,,,,,,,,,,,,,,,,,,,,
542,,,,,,,,,,,,,,,,,,,,,
543,,,,,,,,,,,,,,,,,,,,,
544,,,,,,,,,,,,,,,,,,,,,
545,,,,,,,,,,,,,,,,,,,,,
546,,,,,,,,,,,,,,,,,,,,,
547,,,,,,,,,,,,,,,,,,,,,
548,,,,,,,,,,,,,,,,,,,,,
549,,,,,,,,,,,,,,,,,,,,,
550,,,,,,,,,,,,,,,,,,,,,
551,,,,,,0.000000005,,,,,,,,,,,,,,,
552,,,,,,0.000003169,,,,,,,,,,,,,,,
553,,,,,,0.000578129,,,,,,,,,,,,,,,
554,,,,,,0.0273172,,,,,,,,,,,,,,,
555,,,,,,0.302121,,,,,,,,,,,,,,,
556,,,,,,0.817751,,,,,,,,,,,,,,,
557,,,,,,0.978858,,,,,,,,,,,,,,,
558,,,,,,0.989161,,,,,,,,,,,,,,,
559,,,,,,0.99117,,,,,,,,,,,,,,,
560,,,,,,0.994139,,,,,,,,,,,,,,,
561,,,,,,0.996688,,,,,,,,,,,,,,,
562,,,,,,0.998242,,,,,,,,,,,,,,,
563,,,,,,0.998767,,,,,,,,,,,,,,,
564,,,,,,0.974406,,,,,,,,,,,,,,,
565,,,,,,0.699926,,,,,,,,,,,,,,,
566,,,,,,0.174279,,,,,,,,,,,,,,,
567,,,,,,0.00991528,,,,,,,,,,,,,,,
568,,,,,,0.000137145,,,,,,,,,,,,,,,
569,,,,,,0.000000519,,,,,,,,,,,,,,,
570,,,,,,,,,,,,,,,,,,,,,
571,,,,,,,,,,,,,,,,,,,,,
572,,,,,,,,,,,,,,,,,,,,,
573,,,,,,,,,,,,,,,,,,,,,
574,,,,,,,,,,,,,,,,,,,,,
575,,,,,,,,,,,,,,,,,,,,,
576,,,,,,,,,,,,,,,,,,,,,
577,,,,,,,,,,,,,,,,,,,,,
578,,,,,,,,,,,,,,,,,,,,,
579,,,,,,,,,,,,,,,,,,,,,
580,,,,,,,,,,,,,,,,,,,,,
581,,,,,,,,,,,,,,,,,,,,,
582,,,,,,,,,,,,,,,,,,,,,
583,,,,,,,,,,,,,,,,,,,,,
584,,,,,,,,,,,,,,,,,,,,,
585,,,,,,,,,,,,,,,,,,,,,
586,,,,,,,,,,,,,,,,,,,,,
587,,,,,,,,,,,,,,,,,,,,,
588,,,,,,,,,,,,,,,,,,,,,
589,,,,,,,,,,,,,,,,,,,,,
590,,,,,,,,,,,,,,,,,,,,,
591,,,,,,,,,,,,,,,,,,,,,
592,,,,,,,,,,,,,,,,,,,,,
593,,,,,,,,,,,,,,,,,,,,,
594,,,,,,,,,,,,,,,,,,,,,
595,,,,,,,,,,,,,,,,,,,,,
596,,,,,,,,,,,,,,,,,,,,,
597,,,,,,,,,,,,,,,,,,,,,
598,,,,,,,,,,,,,,,,,,,,,
599,,,,,,,,,,,,,,,,,,,,,
600,,,,,,,,,,,,,,,,,,,,,
601,,,,,,,,,,,,,,,,,,,,,
602,,,,,,,,,,,,,,,,,,,,,
603,,,,,,,,,,,,,,,,,,,,,
604,,,,,,,,,,,,,,,,,,,,,
605,,,,,,,,,,,,,,,,,,,,,
606,,,,,,,,,,,,,,,,,,,,,
607,,,,,,,,,,,,,,,,,,,,,
608,,,,,,,,,,,,,,,,,,,,,
609,,,,,,,,,,,,,,,,,,,,,
610,,,,,,,,,,,,,,,,,,,,,
611,,,,,,,0.000000005,,,,,,,,,,,,,,
612,,,,,,,0.000003302,,,,,,,,,,,,,,
613,,,,,,,0.000633528,,,,,,,,,,,,,,
614,,,,,,,0.0303841,,,,,,,,,,,,,,
615,,,,,,,0.328445,,,,,,,,,,,,,,
616,,,,,,,0.836122,,,,,,,,,,,,,,
617,,,,,,,0.97221,,,,,,,,,,,,,,
618,,,,,,,0.980351,,,,,,,,,,,,,,
619,,,,,,,0.982657,,,,,,,,,,,,,,
620,,,,,,,0.986453,,,,,,,,,,,,,,
621,,,,,,,0.991554,,,,,,,,,,,,,,
622,,,,,,,0.996272,,,,,,,,,,,,,,
623,,,,,,,0.998603,,,,,,,,,,,,,,
624,,,,,,,0.966028,,,,,,,,,,,,,,
625,,,,,,,0.637481,,,,,,,,,,,,,,
626,,,,,,,0.12734,,,,,,,,,,,,,,
627,,,,,,,0.005495,,,,,,,,,,,,,,
628,,,,,,,0.00005436,,,,,,,,,,,,,,
629,,,,,,,0.000000154,,,,,,,,,,,,,,
630,,,,,,,,,,,,,,,,,,,,,
631,,,,,,,,,,,,,,,,,,,,,
632,,,,,,,,,,,,,,,,,,,,,
633,,,,,,,,,,,,,,,,,,,,,
634,,,,,,,,,,,,,,,,,,,,,
635,,,,,,,,,,,,,,,,,,,,,
636,,,,,,,,,,,,,,,,,,,,,
637,,,,,,,,,,,,,,,,,,,,,
638,,,,,,,,,,,,,,,,,,,,,
639,,,,,,,,,,,,,,,,,,,,,
640,,,,,,,,,,,,,,,,,,,,,
641,,,,,,,,,,,,,,,,,,,,,
642,,,,,,,,,,,,,,,,,,,,,
643,,,,,,,,,,,,,,,,,,,,,
644,,,,,,,,,,,,,,,,,,,,,
645,,,,,,,,,,,,,,,,,,,,,
646,,,,,,,,,,,,,,,,,,,,,
647,,,,,,,,,,,,,,,,,,,,,
648,,,,,,,,,,,,,,,,,,,,,
649,,,,,,,,,,,,,,,,,,,,,
650,,,,,,,,,,,,,,,,,,,,,
651,,,,,,,,,,,,,,,,,,,,,
652,,,,,,,,,,,,,,,,,,,,,
653,,,,,,,,,,,,,,,,,,,,,
654,,,,,,,,,,,,,,,,,,,,,
655,,,,,,,,,,,,,,,,,,,,,
656,,,,,,,,0.00000001,,,,,,,,,,,,,
657,,,,,,,,0.000006742,,,,,,,,,,,,,
658,,,,,,,,0.00113977,,,,,,,,,,,,,
659,,,,,,,,0.048099,,,,,,,,,,,,,
660,,,,,,,,0.423732,,,,,,,,,,,,,
661,,,,,,,,0.889044,,,,,,,,,,,,,
662,,,,,,,,0.979087,,,,,,,,,,,,,
663,,,,,,,,0.984864,,,,,,,,,,,,,
664,,,,,,,,0.986648,,,,,,,,,,,,,
665,,,,,,,,0.989803,,,,,,,,,,,,,
666,,,,,,,,0.993423,0.00000001,,,,,,,,,,,,
667,,,,,,,,0.997723,0.000006472,,,,,,,,,,,,
668,,,,,,,,0.999095,0.00113391,,,,,,,,,,,,
669,,,,,,,,0.952011,0.0484714,,,,,,,,,,,,
670,,,,,,,,0.564721,0.430582,,,,,,,,,,,,
671,,,,,,,,0.0882241,0.901052,,,,,,,,,,,,
672,,,,,,,,0.00285576,0.989806,,,,,,,,,,,,
673,,,,,,,,0.000021392,0.994923,,,,,,,,,,,,
674,,,,,,,,0.000000043,0.995412,0.00000026,,,,,,,,,,,
675,,,,,,,,,0.995627,0.000092044,,,,,,,,,,,
676,,,,,,,,,0.990012,0.0084651,,,,,,,,,,,
677,,,,,,,,,0.828349,0.171527,,,,,,,,,,,
678,,,,,,,,,0.276934,0.718582,,,,,,,,,,,
679,,,,,,,,,0.019735,0.972754,,,,,,,,,,,
680,,,,,,,,,0.000299213,0.993044,,,,,,,,,,,
681,,,,,,,,,0.000001143,0.996677,,,,,,,,,,,
682,,,,,,,,,,0.999512,,,,,,,,,,,
683,,,,,,,,,,0.998877,,,,,,,,,,,
684,,,,,,,,,,0.956244,,,,,,,,,,,
685,,,,,,,,,,0.587915,,,,,,,,,,,
686,,,,,,,,,,0.0964161,,,,,,,,,,,
687,,,,,,,,,,0.0032032,,,,,,,,,,,
688,,,,,,,,,,0.000024653,,,,,,,,,,,
689,,,,,,,,,,0.000000051,,,,,,,,,,,
690,,,,,,,,,,,,,,,,,,,,,
691,,,,,,,,,,,,,,,,,,,,,
692,,,,,,,,,,,,,,,,,,,,,
693,,,,,,,,,,,,,,,,,,,,,
694,,,,,,,,,,,,,,,,,,,,,
695,,,,,,,,,,,,,,,,,,,,,
696,,,,,,,,,,,,,,,,,,,,,
697,,,,,,,,,,,,,,,,,,,,,
698,,,,,,,,,,,,,,,,,,,,,
699,,,,,,,,,,,,,,,,,,,,,
700,,,,,,,,,,,0.000000023,,,,,,,,,,
701,,,,,,,,,,,0.000012282,,,,,,,,,,
702,,,,,,,,,,,0.00197869,,,,,,,,,,
703,,,,,,,,,,,0.071402,,,,,,,,,,
704,,,,,,,,,,,0.517897,,,,,,,,,,
705,,,,,,,,,,,0.93004,,,,,,,,,,
706,,,,,,,,,,,0.988777,,,,,,,,,,
707,,,,,,,,,,,0.992004,,,,,,,,,,
708,,,,,,,,,,,0.991264,,,,,,,,,,
709,,,,,,,,,,,0.991061,,,,,,,,,,
710,,,,,,,,,,,0.995154,,,,,,,,,,
711,,,,,,,,,,,0.999359,,,,,,,,,,
712,,,,,,,,,,,0.999052,,,,,,,,,,
713,,,,,,,,,,,0.932059,,,,,,,,,,
714,,,,,,,,,,,0.487186,,,,,,,,,,
715,,,,,,,,,,,0.0604405,,,,,,,,,,
716,,,,,,,,,,,0.0014873,,,,,,,,,,
717,,,,,,,,,,,0.000008883,,,,,,,,,,
718,,,,,,,,,,,0.000000014,,,,,,,,,,
719,,,,,,,,,,,,,,,,,,,,,
720,,,,,,,,,,,,,,,,,,,,,
721,,,,,,,,,,,,,,,,,,,,,
722,,,,,,,,,,,,,,,,,,,,,
723,,,,,,,,,,,,,,,,,,,,,
724,,,,,,,,,,,,,,,,,,,,,
725,,,,,,,,,,,,,,,,,,,,,
726,,,,,,,,,,,,,,,,,,,,,
727,,,,,,,,,,,,,,,,,,,,,
728,,,,,,,,,,,,,,,,,,,,,
729,,,,,,,,,,,,,,,,,,,,,
730,,,,,,,,,,,,,,,,,,,,,
731,,,,,,,,,,,,,,,,,,,,,
732,,,,,,,,,,,,,,,,,,,,,
733,,,,,,,,,,,,,,,,,,,,,
734,,,,,,,,,,,,,,,,,,,,,
735,,,,,,,,,,,,,,,,,,,,,
736,,,,,,,,,,,,,,,,,,,,,
737,,,,,,,,,,,,,,,,,,,,,
738,,,,,,,,,,,,,,,,,,,,,
739,,,,,,,,,,,,,,,,,,,,,
740,,,,,,,,,,,,,,,,,,,,,
741,,,,,,,,,,,,,,,,,,,,,
742,,,,,,,,,,,,,,,,,,,,,
743,,,,,,,,,,,,,,,,,,,,,
744,,,,,,,,,,,,,,,,,,,,,
745,,,,,,,,,,,,,,,,,,,,,
746,,,,,,,,,,,,0.000000002,,,,,,,,,
747,,,,,,,,,,,,0.000001817,,,,,,,,,
748,,,,,,,,,,,,0.00044119,,,,,,,,,
749,,,,,,,,,,,,0.026964,,,,,,,,,
750,,,,,,,,,,,,0.335481,,,,,,,,,
751,,,,,,,,,,,,0.870634,,,,,,,,,
752,,,,,,,,,,,,0.993823,,,,,,,,,
753,,,,,,,,,,,,0.996347,,,,,,,,,
754,,,,,,,,,,,,0.995161,,,,,,,,,
755,,,,,,,,,,,,0.995335,,,,,,,,,
756,,,,,,,,,,,,0.994296,0.000000002,,,,,,,,
757,,,,,,,,,,,,0.888653,0.000001509,,,,,,,,
758,,,,,,,,,,,,0.367825,0.000391894,,,,,,,,
759,,,,,,,,,,,,0.0325026,0.0253394,0.000000051,,,,,,,
760,,,,,,,,,,,,0.000581642,0.335219,0.000025172,,,,,,,
761,,,,,,,,,,,,0.000002538,0.912747,0.00341003,,,,,,,
762,,,,,,,,,,,,0.000000003,0.947615,0.104162,,,,,,,
763,,,,,,,,,,,,,0.408188,0.616724,0.000000283,,,,,,
764,,,,,,,,,,,,,0.0376824,0.965201,0.000101249,,,,,,
765,,,,,,,,,,,,,0.000697656,0.993217,0.00967829,,,,,,
766,,,,,,,,,,,,,0.000003134,0.818605,0.198208,,,,,,
767,,,,,,,,,,,,,0.000000004,0.250706,0.797488,,,,,,
768,,,,,,,,,,,,,,0.0153276,0.991878,0.000000255,,,,,
769,,,,,,,,,,,,,,0.000194838,0.580165,0.000089582,,,,,
770,,,,,,,,,,,,,,0.00000064,0.0817683,0.00884274,,,,,
771,,,,,,,,,,,,,,,0.0022728,0.182132,,,,,
772,,,,,,,,,,,,,,,0.000014589,0.743694,,,,,
773,,,,,,,,,,,,,,,0.000000026,0.978179,,,,,
774,,,,,,,,,,,,,,,,0.993443,,,,,
775,,,,,,,,,,,,,,,,0.996151,,,,,
776,,,,,,,,,,,,,,,,0.998201,,,,,
777,,,,,,,,,,,,,,,,0.997133,,,,,
778,,,,,,,,,,,,,,,,0.99443,,,,,
779,,,,,,,,,,,,,,,,0.993622,,,,,
780,,,,,,,,,,,,,,,,0.996195,,,,,
781,,,,,,,,,,,,,,,,0.997594,,,,,
782,,,,,,,,,,,,,,,,0.995499,,,,,
783,,,,,,,,,,,,,,,,0.991867,,,,,
784,,,,,,,,,,,,,,,,0.990373,,,,,
785,,,,,,,,,,,,,,,,0.983695,,,,,
786,,,,,,,,,,,,,,,,0.816347,,,,,
787,,,,,,,,,,,,,,,,0.259019,,,,,
788,,,,,,,,,,,,,,,,0.0165558,,,,,
789,,,,,,,,,,,,,,,,0.000223952,,,,,
790,,,,,,,,,,,,,,,,0.000000766,,,,,
791,,,,,,,,,,,,,,,,,,,,,
792,,,,,,,,,,,,,,,,,,,,,
793,,,,,,,,,,,,,,,,,,,,,
794,,,,,,,,,,,,,,,,,,,,,
795,,,,,,,,,,,,,,,,,,,,,
796,,,,,,,,,,,,,,,,,,,,,
797,,,,,,,,,,,,,,,,,,,,,
798,,,,,,,,,,,,,,,,,,,,,
799,,,,,,,,,,,,,,,,,,,,,
800,,,,,,,,,,,,,,,,,,,,,
801,,,,,,,,,,,,,,,,,,,,,
802,,,,,,,,,,,,,,,,,,,,,
803,,,,,,,,,,,,,,,,,,,,,
804,,,,,,,,,,,,,,,,,,,,,
805,,,,,,,,,,,,,,,,,,,,,
806,,,,,,,,,,,,,,,,,,,,,
807,,,,,,,,,,,,,,,,,,,,,
808,,,,,,,,,,,,,,,,,,,,,
809,,,,,,,,,,,,,,,,,,,,,
810,,,,,,,,,,,,,,,,,,,,,
811,,,,,,,,,,,,,,,,,,,,,
812,,,,,,,,,,,,,,,,,,,,,
813,,,,,,,,,,,,,,,,,,,,,
814,,,,,,,,,,,,,,,,,,,,,
815,,,,,,,,,,,,,,,,,,,,,
816,,,,,,,,,,,,,,,,,,,,,
817,,,,,,,,,,,,,,,,,,,,,
818,,,,,,,,,,,,,,,,,,,,,
819,,,,,,,,,,,,,,,,,,,,,
820,,,,,,,,,,,,,,,,,,,,,
821,,,,,,,,,,,,,,,,,,,,,
822,,,,,,,,,,,,,,,,,,,,,
823,,,,,,,,,,,,,,,,,,,,,
824,,,,,,,,,,,,,,,,,,,,,
825,,,,,,,,,,,,,,,,,,,,,
826,,,,,,,,,,,,,,,,,,,,,
827,,,,,,,,,,,,,,,,,,,,,
828,,,,,,,,,,,,,,,,,,,,,
829,,,,,,,,,,,,,,,,,,,,,
830,,,,,,,,,,,,,,,,,,,,,
831,,,,,,,,,,,,,,,,,,,,,
832,,,,,,,,,,,,,,,,,,,,,
833,,,,,,,,,,,,,,,,,,,,,
834,,,,,,,,,,,,,,,,,,,,,
835,,,,,,,,,,,,,,,,,,,,,
836,,,,,,,,,,,,,,,,,,,,,
837,,,,,,,,,,,,,,,,,,,,,
838,,,,,,,,,,,,,,,,,,,,,
839,,,,,,,,,,,,,,,,,,,,,
840,,,,,,,,,,,,,,,,,,,,,
841,,,,,,,,,,,,,,,,,,,,,
842,,,,,,,,,,,,,,,,,,,,,
843,,,,,,,,,,,,,,,,,,,,,
844,,,,,,,,,,,,,,,,,,,,,
845,,,,,,,,,,,,,,,,,,,,,
846,,,,,,,,,,,,,,,,,,,,,
847,,,,,,,,,,,,,,,,,,,,,
848,,,,,,,,,,,,,,,,,,,,,
849,,,,,,,,,,,,,,,,,,,,,
850,,,,,,,,,,,,,,,,,,,,,
851,,,,,,,,,,,,,,,,,,,,,
852,,,,,,,,,,,,,,,,,0.000000824,,,,
853,,,,,,,,,,,,,,,,,0.000225339,,,,
854,,,,,,,,,,,,,,,,,0.0164021,,,,
855,,,,,,,,,,,,,,,,,0.254914,,,,
856,,,,,,,,,,,,,,,,,0.817768,,,,
857,,,,,,,,,,,,,,,,,0.991573,,,,
858,,,,,,,,,,,,,,,,,0.995458,,,,
859,,,,,,,,,,,,,,,,,0.993013,,,,
860,,,,,,,,,,,,,,,,,0.992366,,,,
861,,,,,,,,,,,,,,,,,0.990004,,,,
862,,,,,,,,,,,,,,,,,0.984823,,,,
863,,,,,,,,,,,,,,,,,0.979547,,,,
864,,,,,,,,,,,,,,,,,0.976933,,,,
865,,,,,,,,,,,,,,,,,0.975537,,,,
866,,,,,,,,,,,,,,,,,0.97136,,,,
867,,,,,,,,,,,,,,,,,0.963818,,,,
868,,,,,,,,,,,,,,,,,0.956152,,,,
869,,,,,,,,,,,,,,,,,0.95113,,,,
870,,,,,,,,,,,,,,,,,0.947783,,,,
871,,,,,,,,,,,,,,,,,0.942841,,,,
872,,,,,,,,,,,,,,,,,0.935179,,,,
873,,,,,,,,,,,,,,,,,0.927309,,,,
874,,,,,,,,,,,,,,,,,0.907859,,,,
875,,,,,,,,,,,,,,,,,0.688573,0.000000005,,,
876,,,,,,,,,,,,,,,,,0.17307,0.000003562,,,
877,,,,,,,,,,,,,,,,,0.00879997,0.000713169,,,
878,,,,,,,,,,,,,,,,,0.000098507,0.0368805,,,
879,,,,,,,,,,,,,,,,,0.000000304,0.391206,,,
880,,,,,,,,,,,,,,,,,,0.902104,,,
881,,,,,,,,,,,,,,,,,,0.999057,,,
882,,,,,,,,,,,,,,,,,,0.994033,,,
883,,,,,,,,,,,,,,,,,,0.985468,,,
884,,,,,,,,,,,,,,,,,,0.979681,,,
885,,,,,,,,,,,,,,,,,,0.975609,,,
886,,,,,,,,,,,,,,,,,,0.969764,,,
887,,,,,,,,,,,,,,,,,,0.960562,,,
888,,,,,,,,,,,,,,,,,,0.918781,,,
889,,,,,,,,,,,,,,,,,,0.58297,,,
890,,,,,,,,,,,,,,,,,,0.100138,0.000000005,,
891,,,,,,,,,,,,,,,,,,0.003406,0.000003456,,
892,,,,,,,,,,,,,,,,,,0.000026847,0.000699658,,
893,,,,,,,,,,,,,,,,,,0.00000006,0.0364269,,
894,,,,,,,,,,,,,,,,,,,0.388652,,
895,,,,,,,,,,,,,,,,,,,0.901923,,
896,,,,,,,,,,,,,,,,,,,0.999042,,
897,,,,,,,,,,,,,,,,,,,0.993229,,
898,,,,,,,,,,,,,,,,,,,0.983884,,
899,,,,,,,,,,,,,,,,,,,0.977302,,
900,,,,,,,,,,,,,,,,,,,0.972235,,
901,,,,,,,,,,,,,,,,,,,0.96399,,
902,,,,,,,,,,,,,,,,,,,0.95201,,
903,,,,,,,,,,,,,,,,,,,0.909535,,
904,,,,,,,,,,,,,,,,,,,0.581098,,
905,,,,,,,,,,,,,,,,,,,0.100942,,
906,,,,,,,,,,,,,,,,,,,0.00347088,,
907,,,,,,,,,,,,,,,,,,,0.000027394,,
908,,,,,,,,,,,,,,,,,,,0.000000062,,
909,,,,,,,,,,,,,,,,,,,,,
910,,,,,,,,,,,,,,,,,,,,,
911,,,,,,,,,,,,,,,,,,,,,
912,,,,,,,,,,,,,,,,,,,,,
913,,,,,,,,,,,,,,,,,,,,,
914,,,,,,,,,,,,,,,,,,,,,
915,,,,,,,,,,,,,,,,,,,,,
916,,,,,,,,,,,,,,,,,,,,,
917,,,,,,,,,,,,,,,,,,,,,
918,,,,,,,,,,,,,,,,,,,,,
919,,,,,,,,,,,,,,,,,,,,,
920,,,,,,,,,,,,,,,,,,,,,
921,,,,,,,,,,,,,,,,,,,,,
922,,,,,,,,,,,,,,,,,,,,,
923,,,,,,,,,,,,,,,,,,,,,
924,,,,,,,,,,,,,,,,,,,,,
925,,,,,,,,,,,,,,,,,,,,0.000000003,
926,,,,,,,,,,,,,,,,,,,,0.000002524,
927,,,,,,,,,,,,,,,,,,,,0.000564643,
928,,,,,,,,,,,,,,,,,,,,0.0319168,
929,,,,,,,,,,,,,,,,,,,,0.366016,
930,,,,,,,,,,,,,,,,,,,,0.895989,
931,,,,,,,,,,,,,,,,,,,,0.999221,
932,,,,,,,,,,,,,,,,,,,,0.987197,
933,,,,,,,,,,,,,,,,,,,,0.971655,
934,,,,,,,,,,,,,,,,,,,,0.95913,
935,,,,,,,,,,,,,,,,,,,,0.947765,
936,,,,,,,,,,,,,,,,,,,,0.934167,
937,,,,,,,,,,,,,,,,,,,,0.918127,
938,,,,,,,,,,,,,,,,,,,,0.903028,
939,,,,,,,,,,,,,,,,,,,,0.890835,
940,,,,,,,,,,,,,,,,,,,,0.880142,
941,,,,,,,,,,,,,,,,,,,,0.868167,
942,,,,,,,,,,,,,,,,,,,,0.854765,
943,,,,,,,,,,,,,,,,,,,,0.843732,
944,,,,,,,,,,,,,,,,,,,,0.83569,
945,,,,,,,,,,,,,,,,,,,,0.828556,
946,,,,,,,,,,,,,,,,,,,,0.819128,
947,,,,,,,,,,,,,,,,,,,,0.80715,
948,,,,,,,,,,,,,,,,,,,,0.776433,
949,,,,,,,,,,,,,,,,,,,,0.528084,
950,,,,,,,,,,,,,,,,,,,,0.101521,
951,,,,,,,,,,,,,,,,,,,,0.0038278,
952,,,,,,,,,,,,,,,,,,,,0.000032775,
953,,,,,,,,,,,,,,,,,,,,0.000000079,
954,,,,,,,,,,,,,,,,,,,,,
955,,,,,,,,,,,,,,,,,,,,,
956,,,,,,,,,,,,,,,,,,,,,
957,,,,,,,,,,,,,,,,,,,,,
958,,,,,,,,,,,,,,,,,,,,,
959,,,,,,,,,,,,,,,,,,,,,
960,,,,,,,,,,,,,,,,,,,,,
961,,,,,,,,,,,,,,,,,,,,,
962,,,,,,,,,,,,,,,,,,,,,
963,,,,,,,,,,,,,,,,,,,,,
964,,,,,,,,,,,,,,,,,,,,,
965,,,,,,,,,,,,,,,,,,,,,
966,,,,,,,,,,,,,,,,,,,,,
967,,,,,,,,,,,,,,,,,,,,,
968,,,,,,,,,,,,,,,,,,,,,
969,,,,,,,,,,,,,,,,,,,,,
970,,,,,,,,,,,,,,,,,,,,,
971,,,,,,,,,,,,,,,,,,,,,
972,,,,,,,,,,,,,,,,,,,,,
973,,,,,,,,,,,,,,,,,,,,,
974,,,,,,,,,,,,,,,,,,,,,
975,,,,,,,,,,,,,,,,,,,,,
976,,,,,,,,,,,,,,,,,,,,,
977,,,,,,,,,,,,,,,,,,,,,
978,,,,,,,,,,,,,,,,,,,,,
979,,,,,,,,,,,,,,,,,,,,,
980,,,,,,,,,,,,,,,,,,,,,
981,,,,,,,,,,,,,,,,,,,,,
982,,,,,,,,,,,,,,,,,,,,,
983,,,,,,,,,,,,,,,,,,,,,
984,,,,,,,,,,,,,,,,,,,,,
985,,,,,,,,,,,,,,,,,,,,,
986,,,,,,,,,,,,,,,,,,,,,
987,,,,,,,,,,,,,,,,,,,,,
988,,,,,,,,,,,,,,,,,,,,,
989,,,,,,,,,,,,,,,,,,,,,
990,,,,,,,,,,,,,,,,,,,,,
991,,,,,,,,,,,,,,,,,,,,,
992,,,,,,,,,,,,,,,,,,,,,
993,,,,,,,,,,,,,,,,,,,,,
994,,,,,,,,,,,,,,,,,,,,,
995,,,,,,,,,,,,,,,,,,,,,
996,,,,,,,,,,,,,,,,,,,,,0.000000521
997,,,,,,,,,,,,,,,,,,,,,0.000196545
998,,,,,,,,,,,,,,,,,,,,,0.0164313
999,,,,,,,,,,,,,,,,,,,,,0.278824
1000,,,,,,,,,,,,,,,,,,,,,0.862689
1001,,,,,,,,,,,,,,,,,,,,,0.996745
1002,,,,,,,,,,,,,,,,,,,,,0.979487
1003,,,,,,,,,,,,,,,,,,,,,0.956639
1004,,,,,,,,,,,,,,,,,,,,,0.9368
1005,,,,,,,,,,,,,,,,,,,,,0.915567
1006,,,,,,,,,,,,,,,,,,,,,0.889697
1007,,,,,,,,,,,,,,,,,,,,,0.86206
1008,,,,,,,,,,,,,,,,,,,,,0.838822
1009,,,,,,,,,,,,,,,,,,,,,0.819864
1010,,,,,,,,,,,,,,,,,,,,,0.798987
1011,,,,,,,,,,,,,,,,,,,,,0.773763
1012,,,,,,,,,,,,,,,,,,,,,0.747479
1013,,,,,,,,,,,,,,,,,,,,,0.724895
1014,,,,,,,,,,,,,,,,,,,,,0.705752
1015,,,,,,,,,,,,,,,,,,,,,0.685363
1016,,,,,,,,,,,,,,,,,,,,,0.660896
1017,,,,,,,,,,,,,,,,,,,,,0.634999
1018,,,,,,,,,,,,,,,,,,,,,0.612386
1019,,,,,,,,,,,,,,,,,,,,,0.593797
1020,,,,,,,,,,,,,,,,,,,,,0.57668
1021,,,,,,,,,,,,,,,,,,,,,0.560384
1022,,,,,,,,,,,,,,,,,,,,,0.545194
1023,,,,,,,,,,,,,,,,,,,,,0.53311
1024,,,,,,,,,,,,,,,,,,,,,0.524326
1025,,,,,,,,,,,,,,,,,,,,,0.514649
1026,,,,,,,,,,,,,,,,,,,,,0.501285
1027,,,,,,,,,,,,,,,,,,,,,0.486555
1028,,,,,,,,,,,,,,,,,,,,,0.474534
1029,,,,,,,,,,,,,,,,,,,,,0.466182
1030,,,,,,,,,,,,,,,,,,,,,0.457541
1031,,,,,,,,,,,,,,,,,,,,,0.444523
1032,,,,,,,,,,,,,,,,,,,,,0.429771
1033,,,,,,,,,,,,,,,,,,,,,0.418538
1034,,,,,,,,,,,,,,,,,,,,,0.410661
1035,,,,,,,,,,,,,,,,,,,,,0.402004
1036,,,,,,,,,,,,,,,,,,,,,0.389696
1037,,,,,,,,,,,,,,,,,,,,,0.375954
1038,,,,,,,,,,,,,,,,,,,,,0.359823
1039,,,,,,,,,,,,,,,,,,,,,0.261194
1040,,,,,,,,,,,,,,,,,,,,,0.0446248
1041,,,,,,,,,,,,,,,,,,,,,0.0013243
1042,,,,,,,,,,,,,,,,,,,,,0.000008349
1043,,,,,,,,,,,,,,,,,,,,,0.000000014
